pop,code,mpg,ha,category,brood_yr,nS,phos
CathCr,GRCAT,Grande Ronde / Imnaha,29.1522,impact,1955,122,0
CathCr,GRCAT,Grande Ronde / Imnaha,29.1522,impact,1956,2606,0
CathCr,GRCAT,Grande Ronde / Imnaha,29.1522,impact,1957,1754,0
CathCr,GRCAT,Grande Ronde / Imnaha,29.1522,impact,1958,486,0
CathCr,GRCAT,Grande Ronde / Imnaha,29.1522,impact,1959,712,0
CathCr,GRCAT,Grande Ronde / Imnaha,29.1522,impact,1960,3161,0
CathCr,GRCAT,Grande Ronde / Imnaha,29.1522,impact,1961,347,0
CathCr,GRCAT,Grande Ronde / Imnaha,29.1522,impact,1962,1146,0
CathCr,GRCAT,Grande Ronde / Imnaha,29.1522,impact,1963,313,0
CathCr,GRCAT,Grande Ronde / Imnaha,29.1522,impact,1964,208,0
CathCr,GRCAT,Grande Ronde / Imnaha,29.1522,impact,1965,770,0
CathCr,GRCAT,Grande Ronde / Imnaha,29.1522,impact,1966,626,0
CathCr,GRCAT,Grande Ronde / Imnaha,29.1522,impact,1967,1625,0
CathCr,GRCAT,Grande Ronde / Imnaha,29.1522,impact,1968,822,0
CathCr,GRCAT,Grande Ronde / Imnaha,29.1522,impact,1969,1882,0
CathCr,GRCAT,Grande Ronde / Imnaha,29.1522,impact,1970,992,0
CathCr,GRCAT,Grande Ronde / Imnaha,29.1522,impact,1971,2319,0
CathCr,GRCAT,Grande Ronde / Imnaha,29.1522,impact,1972,1106,0
CathCr,GRCAT,Grande Ronde / Imnaha,29.1522,impact,1973,1855,0
CathCr,GRCAT,Grande Ronde / Imnaha,29.1522,impact,1974,753,0
CathCr,GRCAT,Grande Ronde / Imnaha,29.1522,impact,1975,399,0
CathCr,GRCAT,Grande Ronde / Imnaha,29.1522,impact,1976,1028,0
CathCr,GRCAT,Grande Ronde / Imnaha,29.1522,impact,1977,104,0
CathCr,GRCAT,Grande Ronde / Imnaha,29.1522,impact,1978,878,0
CathCr,GRCAT,Grande Ronde / Imnaha,29.1522,impact,1979,579,0
CathCr,GRCAT,Grande Ronde / Imnaha,29.1522,impact,1980,1034,0
CathCr,GRCAT,Grande Ronde / Imnaha,29.1522,impact,1981,275,0
CathCr,GRCAT,Grande Ronde / Imnaha,29.1522,impact,1982,745,0
CathCr,GRCAT,Grande Ronde / Imnaha,29.1522,impact,1983,733,0
CathCr,GRCAT,Grande Ronde / Imnaha,29.1522,impact,1984,378,0
CathCr,GRCAT,Grande Ronde / Imnaha,29.1522,impact,1985,386,0
CathCr,GRCAT,Grande Ronde / Imnaha,29.1522,impact,1986,399,0.2
CathCr,GRCAT,Grande Ronde / Imnaha,29.1522,impact,1987,685,0.78
CathCr,GRCAT,Grande Ronde / Imnaha,29.1522,impact,1988,690,0.76
CathCr,GRCAT,Grande Ronde / Imnaha,29.1522,impact,1989,191,0.62
CathCr,GRCAT,Grande Ronde / Imnaha,29.1522,impact,1990,145,1
CathCr,GRCAT,Grande Ronde / Imnaha,29.1522,impact,1991,64,0.87
CathCr,GRCAT,Grande Ronde / Imnaha,29.1522,impact,1992,162,0.75
CathCr,GRCAT,Grande Ronde / Imnaha,29.1522,impact,1993,268,0.6
CathCr,GRCAT,Grande Ronde / Imnaha,29.1522,impact,1994,28,0.5
CathCr,GRCAT,Grande Ronde / Imnaha,29.1522,impact,1995,38,0
CathCr,GRCAT,Grande Ronde / Imnaha,29.1522,impact,1996,35,0
CathCr,GRCAT,Grande Ronde / Imnaha,29.1522,impact,1997,103,0
CathCr,GRCAT,Grande Ronde / Imnaha,29.1522,impact,1998,91,0
CathCr,GRCAT,Grande Ronde / Imnaha,29.1522,impact,1999,43,0
CathCr,GRCAT,Grande Ronde / Imnaha,29.1522,impact,2000,58,0
CathCr,GRCAT,Grande Ronde / Imnaha,29.1522,impact,2001,512,0.23
CathCr,GRCAT,Grande Ronde / Imnaha,29.1522,impact,2002,430,0.5
CathCr,GRCAT,Grande Ronde / Imnaha,29.1522,impact,2003,424,0.59
CathCr,GRCAT,Grande Ronde / Imnaha,29.1522,impact,2004,215,0.83
CathCr,GRCAT,Grande Ronde / Imnaha,29.1522,impact,2005,143,0.74
CathCr,GRCAT,Grande Ronde / Imnaha,29.1522,impact,2006,251,0.63
CathCr,GRCAT,Grande Ronde / Imnaha,29.1522,impact,2007,171,0.71
CathCr,GRCAT,Grande Ronde / Imnaha,29.1522,impact,2008,216,0.65
CathCr,GRCAT,Grande Ronde / Imnaha,29.1522,impact,2009,276,0.54
CathCr,GRCAT,Grande Ronde / Imnaha,29.1522,impact,2010,979,0.52
CathCr,GRCAT,Grande Ronde / Imnaha,29.1522,impact,2011,1674,0.65
Lostine,GRLOS,Grande Ronde / Imnaha,74.6631,impact,1959,657,0
Lostine,GRLOS,Grande Ronde / Imnaha,74.6631,impact,1960,606,0
Lostine,GRLOS,Grande Ronde / Imnaha,74.6631,impact,1961,281,0
Lostine,GRLOS,Grande Ronde / Imnaha,74.6631,impact,1962,338,0
Lostine,GRLOS,Grande Ronde / Imnaha,74.6631,impact,1963,1104,0
Lostine,GRLOS,Grande Ronde / Imnaha,74.6631,impact,1964,1585,0
Lostine,GRLOS,Grande Ronde / Imnaha,74.6631,impact,1965,956,0
Lostine,GRLOS,Grande Ronde / Imnaha,74.6631,impact,1966,1284,0
Lostine,GRLOS,Grande Ronde / Imnaha,74.6631,impact,1967,1106,0
Lostine,GRLOS,Grande Ronde / Imnaha,74.6631,impact,1968,1152,0
Lostine,GRLOS,Grande Ronde / Imnaha,74.6631,impact,1969,914,0
Lostine,GRLOS,Grande Ronde / Imnaha,74.6631,impact,1970,813,0
Lostine,GRLOS,Grande Ronde / Imnaha,74.6631,impact,1971,797,0
Lostine,GRLOS,Grande Ronde / Imnaha,74.6631,impact,1972,1169,0
Lostine,GRLOS,Grande Ronde / Imnaha,74.6631,impact,1973,1263,0
Lostine,GRLOS,Grande Ronde / Imnaha,74.6631,impact,1974,947,0
Lostine,GRLOS,Grande Ronde / Imnaha,74.6631,impact,1975,328,0
Lostine,GRLOS,Grande Ronde / Imnaha,74.6631,impact,1976,664,0
Lostine,GRLOS,Grande Ronde / Imnaha,74.6631,impact,1977,221,0
Lostine,GRLOS,Grande Ronde / Imnaha,74.6631,impact,1978,1097,0
Lostine,GRLOS,Grande Ronde / Imnaha,74.6631,impact,1979,157,0
Lostine,GRLOS,Grande Ronde / Imnaha,74.6631,impact,1980,155,0
Lostine,GRLOS,Grande Ronde / Imnaha,74.6631,impact,1981,76,0
Lostine,GRLOS,Grande Ronde / Imnaha,74.6631,impact,1982,520,0
Lostine,GRLOS,Grande Ronde / Imnaha,74.6631,impact,1983,375,0
Lostine,GRLOS,Grande Ronde / Imnaha,74.6631,impact,1984,492,0
Lostine,GRLOS,Grande Ronde / Imnaha,74.6631,impact,1985,675,0
Lostine,GRLOS,Grande Ronde / Imnaha,74.6631,impact,1986,419,0.23
Lostine,GRLOS,Grande Ronde / Imnaha,74.6631,impact,1987,640,0.32
Lostine,GRLOS,Grande Ronde / Imnaha,74.6631,impact,1988,975,0.45
Lostine,GRLOS,Grande Ronde / Imnaha,74.6631,impact,1989,296,0.76
Lostine,GRLOS,Grande Ronde / Imnaha,74.6631,impact,1990,95,0.4
Lostine,GRLOS,Grande Ronde / Imnaha,74.6631,impact,1991,163,0.35
Lostine,GRLOS,Grande Ronde / Imnaha,74.6631,impact,1992,196,0.75
Lostine,GRLOS,Grande Ronde / Imnaha,74.6631,impact,1993,501,0.51
Lostine,GRLOS,Grande Ronde / Imnaha,74.6631,impact,1994,67,0.25
Lostine,GRLOS,Grande Ronde / Imnaha,74.6631,impact,1995,37,0
Lostine,GRLOS,Grande Ronde / Imnaha,74.6631,impact,1996,96,0
Lostine,GRLOS,Grande Ronde / Imnaha,74.6631,impact,1997,195,0.05
Lostine,GRLOS,Grande Ronde / Imnaha,74.6631,impact,1998,185,0
Lostine,GRLOS,Grande Ronde / Imnaha,74.6631,impact,1999,95,0.08
Lostine,GRLOS,Grande Ronde / Imnaha,74.6631,impact,2000,231,0.17
Lostine,GRLOS,Grande Ronde / Imnaha,74.6631,impact,2001,651,0.23
Lostine,GRLOS,Grande Ronde / Imnaha,74.6631,impact,2002,861,0.53
Lostine,GRLOS,Grande Ronde / Imnaha,74.6631,impact,2003,818,0.49
Lostine,GRLOS,Grande Ronde / Imnaha,74.6631,impact,2004,858,0.77
Lostine,GRLOS,Grande Ronde / Imnaha,74.6631,impact,2005,678,0.75
Lostine,GRLOS,Grande Ronde / Imnaha,74.6631,impact,2006,480,0.64
Lostine,GRLOS,Grande Ronde / Imnaha,74.6631,impact,2007,391,0.67
Lostine,GRLOS,Grande Ronde / Imnaha,74.6631,impact,2008,1480,0.72
Lostine,GRLOS,Grande Ronde / Imnaha,74.6631,impact,2009,1095,0.57
Lostine,GRLOS,Grande Ronde / Imnaha,74.6631,impact,2010,4065,0.73
Lostine,GRLOS,Grande Ronde / Imnaha,74.6631,impact,2011,3688,0.67
Minam,GRMIN,Grande Ronde / Imnaha,37.7946,impact,1954,794,0
Minam,GRMIN,Grande Ronde / Imnaha,37.7946,impact,1955,1082,0
Minam,GRMIN,Grande Ronde / Imnaha,37.7946,impact,1956,2020,0
Minam,GRMIN,Grande Ronde / Imnaha,37.7946,impact,1957,4104,0
Minam,GRMIN,Grande Ronde / Imnaha,37.7946,impact,1958,305,0
Minam,GRMIN,Grande Ronde / Imnaha,37.7946,impact,1959,1984,0
Minam,GRMIN,Grande Ronde / Imnaha,37.7946,impact,1960,898,0
Minam,GRMIN,Grande Ronde / Imnaha,37.7946,impact,1961,438,0
Minam,GRMIN,Grande Ronde / Imnaha,37.7946,impact,1962,1474,0
Minam,GRMIN,Grande Ronde / Imnaha,37.7946,impact,1963,778,0
Minam,GRMIN,Grande Ronde / Imnaha,37.7946,impact,1964,1003,0
Minam,GRMIN,Grande Ronde / Imnaha,37.7946,impact,1965,869,0
Minam,GRMIN,Grande Ronde / Imnaha,37.7946,impact,1966,822,0
Minam,GRMIN,Grande Ronde / Imnaha,37.7946,impact,1967,305,0
Minam,GRMIN,Grande Ronde / Imnaha,37.7946,impact,1968,657,0
Minam,GRMIN,Grande Ronde / Imnaha,37.7946,impact,1969,931,0
Minam,GRMIN,Grande Ronde / Imnaha,37.7946,impact,1970,942,0
Minam,GRMIN,Grande Ronde / Imnaha,37.7946,impact,1971,652,0
Minam,GRMIN,Grande Ronde / Imnaha,37.7946,impact,1972,871,0
Minam,GRMIN,Grande Ronde / Imnaha,37.7946,impact,1973,683,0
Minam,GRMIN,Grande Ronde / Imnaha,37.7946,impact,1974,459,0
Minam,GRMIN,Grande Ronde / Imnaha,37.7946,impact,1975,377,0
Minam,GRMIN,Grande Ronde / Imnaha,37.7946,impact,1976,547,0
Minam,GRMIN,Grande Ronde / Imnaha,37.7946,impact,1977,267,0
Minam,GRMIN,Grande Ronde / Imnaha,37.7946,impact,1978,1446,0
Minam,GRMIN,Grande Ronde / Imnaha,37.7946,impact,1979,92,0
Minam,GRMIN,Grande Ronde / Imnaha,37.7946,impact,1980,102,0
Minam,GRMIN,Grande Ronde / Imnaha,37.7946,impact,1981,140,0
Minam,GRMIN,Grande Ronde / Imnaha,37.7946,impact,1982,228,0
Minam,GRMIN,Grande Ronde / Imnaha,37.7946,impact,1983,216,0
Minam,GRMIN,Grande Ronde / Imnaha,37.7946,impact,1984,233,0
Minam,GRMIN,Grande Ronde / Imnaha,37.7946,impact,1985,1209,0
Minam,GRMIN,Grande Ronde / Imnaha,37.7946,impact,1986,655,0.5
Minam,GRMIN,Grande Ronde / Imnaha,37.7946,impact,1987,908,0.5
Minam,GRMIN,Grande Ronde / Imnaha,37.7946,impact,1988,868,0.37
Minam,GRMIN,Grande Ronde / Imnaha,37.7946,impact,1989,319,0
Minam,GRMIN,Grande Ronde / Imnaha,37.7946,impact,1990,528,0.56
Minam,GRMIN,Grande Ronde / Imnaha,37.7946,impact,1991,399,0.38
Minam,GRMIN,Grande Ronde / Imnaha,37.7946,impact,1992,394,0.9
Minam,GRMIN,Grande Ronde / Imnaha,37.7946,impact,1993,415,0.44
Minam,GRMIN,Grande Ronde / Imnaha,37.7946,impact,1994,54,0.44
Minam,GRMIN,Grande Ronde / Imnaha,37.7946,impact,1995,70,0
Minam,GRMIN,Grande Ronde / Imnaha,37.7946,impact,1996,311,0.05
Minam,GRMIN,Grande Ronde / Imnaha,37.7946,impact,1997,188,0.04
Minam,GRMIN,Grande Ronde / Imnaha,37.7946,impact,1998,209,0
Minam,GRMIN,Grande Ronde / Imnaha,37.7946,impact,1999,149,0.05
Minam,GRMIN,Grande Ronde / Imnaha,37.7946,impact,2000,461,0.03
Minam,GRMIN,Grande Ronde / Imnaha,37.7946,impact,2001,608,0.06
Minam,GRMIN,Grande Ronde / Imnaha,37.7946,impact,2002,664,0.01
Minam,GRMIN,Grande Ronde / Imnaha,37.7946,impact,2003,559,0.01
Minam,GRMIN,Grande Ronde / Imnaha,37.7946,impact,2004,493,0.01
Minam,GRMIN,Grande Ronde / Imnaha,37.7946,impact,2005,348,0
Minam,GRMIN,Grande Ronde / Imnaha,37.7946,impact,2006,448,0
Minam,GRMIN,Grande Ronde / Imnaha,37.7946,impact,2007,313,0
Minam,GRMIN,Grande Ronde / Imnaha,37.7946,impact,2008,553,0.12
Minam,GRMIN,Grande Ronde / Imnaha,37.7946,impact,2009,765,0
Minam,GRMIN,Grande Ronde / Imnaha,37.7946,impact,2010,941,0.35
Minam,GRMIN,Grande Ronde / Imnaha,37.7946,impact,2011,842,0.17
Minam,GRMIN,Grande Ronde / Imnaha,37.7946,impact,2012,652,0.09
GrandRUpperMain,GRUMA,Grande Ronde / Imnaha,32.2713,impact,1959,179,0
GrandRUpperMain,GRUMA,Grande Ronde / Imnaha,32.2713,impact,1960,346,0
GrandRUpperMain,GRUMA,Grande Ronde / Imnaha,32.2713,impact,1961,579,0
GrandRUpperMain,GRUMA,Grande Ronde / Imnaha,32.2713,impact,1962,973,0
GrandRUpperMain,GRUMA,Grande Ronde / Imnaha,32.2713,impact,1963,115,0
GrandRUpperMain,GRUMA,Grande Ronde / Imnaha,32.2713,impact,1964,550,0
GrandRUpperMain,GRUMA,Grande Ronde / Imnaha,32.2713,impact,1965,620,0
GrandRUpperMain,GRUMA,Grande Ronde / Imnaha,32.2713,impact,1966,508,0
GrandRUpperMain,GRUMA,Grande Ronde / Imnaha,32.2713,impact,1967,768,0
GrandRUpperMain,GRUMA,Grande Ronde / Imnaha,32.2713,impact,1968,1014,0
GrandRUpperMain,GRUMA,Grande Ronde / Imnaha,32.2713,impact,1969,1029,0
GrandRUpperMain,GRUMA,Grande Ronde / Imnaha,32.2713,impact,1970,418,0
GrandRUpperMain,GRUMA,Grande Ronde / Imnaha,32.2713,impact,1971,644,0
GrandRUpperMain,GRUMA,Grande Ronde / Imnaha,32.2713,impact,1972,612,0
GrandRUpperMain,GRUMA,Grande Ronde / Imnaha,32.2713,impact,1973,252,0
GrandRUpperMain,GRUMA,Grande Ronde / Imnaha,32.2713,impact,1974,278,0
GrandRUpperMain,GRUMA,Grande Ronde / Imnaha,32.2713,impact,1975,220,0
GrandRUpperMain,GRUMA,Grande Ronde / Imnaha,32.2713,impact,1976,324,0
GrandRUpperMain,GRUMA,Grande Ronde / Imnaha,32.2713,impact,1977,593,0
GrandRUpperMain,GRUMA,Grande Ronde / Imnaha,32.2713,impact,1978,217,0
GrandRUpperMain,GRUMA,Grande Ronde / Imnaha,32.2713,impact,1979,25,0
GrandRUpperMain,GRUMA,Grande Ronde / Imnaha,32.2713,impact,1980,165,0
GrandRUpperMain,GRUMA,Grande Ronde / Imnaha,32.2713,impact,1981,224,0
GrandRUpperMain,GRUMA,Grande Ronde / Imnaha,32.2713,impact,1982,161,0
GrandRUpperMain,GRUMA,Grande Ronde / Imnaha,32.2713,impact,1983,190,0
GrandRUpperMain,GRUMA,Grande Ronde / Imnaha,32.2713,impact,1984,150,0
GrandRUpperMain,GRUMA,Grande Ronde / Imnaha,32.2713,impact,1985,345,0
GrandRUpperMain,GRUMA,Grande Ronde / Imnaha,32.2713,impact,1986,214,0.14
GrandRUpperMain,GRUMA,Grande Ronde / Imnaha,32.2713,impact,1987,707,0.82
GrandRUpperMain,GRUMA,Grande Ronde / Imnaha,32.2713,impact,1988,554,0.92
GrandRUpperMain,GRUMA,Grande Ronde / Imnaha,32.2713,impact,1989,3,1
GrandRUpperMain,GRUMA,Grande Ronde / Imnaha,32.2713,impact,1990,106,0.5
GrandRUpperMain,GRUMA,Grande Ronde / Imnaha,32.2713,impact,1991,45,0.4
GrandRUpperMain,GRUMA,Grande Ronde / Imnaha,32.2713,impact,1992,394,0.79
GrandRUpperMain,GRUMA,Grande Ronde / Imnaha,32.2713,impact,1993,333,0.77
GrandRUpperMain,GRUMA,Grande Ronde / Imnaha,32.2713,impact,1994,13,0.67
GrandRUpperMain,GRUMA,Grande Ronde / Imnaha,32.2713,impact,1995,22,0
GrandRUpperMain,GRUMA,Grande Ronde / Imnaha,32.2713,impact,1996,70,0
GrandRUpperMain,GRUMA,Grande Ronde / Imnaha,32.2713,impact,1997,61,0
GrandRUpperMain,GRUMA,Grande Ronde / Imnaha,32.2713,impact,1998,83,0
GrandRUpperMain,GRUMA,Grande Ronde / Imnaha,32.2713,impact,1999,4,0
GrandRUpperMain,GRUMA,Grande Ronde / Imnaha,32.2713,impact,2000,46,0
GrandRUpperMain,GRUMA,Grande Ronde / Imnaha,32.2713,impact,2001,50,0
GrandRUpperMain,GRUMA,Grande Ronde / Imnaha,32.2713,impact,2002,54,0.05
GrandRUpperMain,GRUMA,Grande Ronde / Imnaha,32.2713,impact,2003,174,0.19
GrandRUpperMain,GRUMA,Grande Ronde / Imnaha,32.2713,impact,2004,590,0.95
GrandRUpperMain,GRUMA,Grande Ronde / Imnaha,32.2713,impact,2005,319,0.96
GrandRUpperMain,GRUMA,Grande Ronde / Imnaha,32.2713,impact,2006,56,0.52
GrandRUpperMain,GRUMA,Grande Ronde / Imnaha,32.2713,impact,2007,17,0.16
GrandRUpperMain,GRUMA,Grande Ronde / Imnaha,32.2713,impact,2008,419,0.85
GrandRUpperMain,GRUMA,Grande Ronde / Imnaha,32.2713,impact,2009,219,0.84
GrandRUpperMain,GRUMA,Grande Ronde / Imnaha,32.2713,impact,2010,2137,0.95
GrandRUpperMain,GRUMA,Grande Ronde / Imnaha,32.2713,impact,2011,1342,0.9
Wenaha,GRWEN,Grande Ronde / Imnaha,49.2735,impact,1964,1586,0
Wenaha,GRWEN,Grande Ronde / Imnaha,49.2735,impact,1965,759,0
Wenaha,GRWEN,Grande Ronde / Imnaha,49.2735,impact,1966,2672,0
Wenaha,GRWEN,Grande Ronde / Imnaha,49.2735,impact,1967,1778,0
Wenaha,GRWEN,Grande Ronde / Imnaha,49.2735,impact,1968,1230,0
Wenaha,GRWEN,Grande Ronde / Imnaha,49.2735,impact,1969,2442,0
Wenaha,GRWEN,Grande Ronde / Imnaha,49.2735,impact,1970,2682,0
Wenaha,GRWEN,Grande Ronde / Imnaha,49.2735,impact,1971,1576,0
Wenaha,GRWEN,Grande Ronde / Imnaha,49.2735,impact,1972,682,0
Wenaha,GRWEN,Grande Ronde / Imnaha,49.2735,impact,1973,1971,0
Wenaha,GRWEN,Grande Ronde / Imnaha,49.2735,impact,1974,471,0
Wenaha,GRWEN,Grande Ronde / Imnaha,49.2735,impact,1975,288,0
Wenaha,GRWEN,Grande Ronde / Imnaha,49.2735,impact,1976,192,0
Wenaha,GRWEN,Grande Ronde / Imnaha,49.2735,impact,1977,577,0
Wenaha,GRWEN,Grande Ronde / Imnaha,49.2735,impact,1978,740,0
Wenaha,GRWEN,Grande Ronde / Imnaha,49.2735,impact,1979,48,0
Wenaha,GRWEN,Grande Ronde / Imnaha,49.2735,impact,1980,231,0
Wenaha,GRWEN,Grande Ronde / Imnaha,49.2735,impact,1981,192,0
Wenaha,GRWEN,Grande Ronde / Imnaha,49.2735,impact,1982,260,0
Wenaha,GRWEN,Grande Ronde / Imnaha,49.2735,impact,1983,221,0
Wenaha,GRWEN,Grande Ronde / Imnaha,49.2735,impact,1984,115,0
Wenaha,GRWEN,Grande Ronde / Imnaha,49.2735,impact,1985,346,0
Wenaha,GRWEN,Grande Ronde / Imnaha,49.2735,impact,1986,654,0
Wenaha,GRWEN,Grande Ronde / Imnaha,49.2735,impact,1987,552,0.91
Wenaha,GRWEN,Grande Ronde / Imnaha,49.2735,impact,1988,610,0.72
Wenaha,GRWEN,Grande Ronde / Imnaha,49.2735,impact,1989,65,0.25
Wenaha,GRWEN,Grande Ronde / Imnaha,49.2735,impact,1990,302,0.78
Wenaha,GRWEN,Grande Ronde / Imnaha,49.2735,impact,1991,272,0.67
Wenaha,GRWEN,Grande Ronde / Imnaha,49.2735,impact,1992,636,0.91
Wenaha,GRWEN,Grande Ronde / Imnaha,49.2735,impact,1993,337,0.46
Wenaha,GRWEN,Grande Ronde / Imnaha,49.2735,impact,1994,150,0.8
Wenaha,GRWEN,Grande Ronde / Imnaha,49.2735,impact,1995,85,0.33
Wenaha,GRWEN,Grande Ronde / Imnaha,49.2735,impact,1996,433,0.02
Wenaha,GRWEN,Grande Ronde / Imnaha,49.2735,impact,1997,281,0.03
Wenaha,GRWEN,Grande Ronde / Imnaha,49.2735,impact,1998,258,0.02
Wenaha,GRWEN,Grande Ronde / Imnaha,49.2735,impact,1999,84,0.15
Wenaha,GRWEN,Grande Ronde / Imnaha,49.2735,impact,2000,471,0.03
Wenaha,GRWEN,Grande Ronde / Imnaha,49.2735,impact,2001,899,0.15
Wenaha,GRWEN,Grande Ronde / Imnaha,49.2735,impact,2002,685,0
Wenaha,GRWEN,Grande Ronde / Imnaha,49.2735,impact,2003,541,0
Wenaha,GRWEN,Grande Ronde / Imnaha,49.2735,impact,2004,676,0.02
Wenaha,GRWEN,Grande Ronde / Imnaha,49.2735,impact,2005,478,0.03
Wenaha,GRWEN,Grande Ronde / Imnaha,49.2735,impact,2006,359,0
Wenaha,GRWEN,Grande Ronde / Imnaha,49.2735,impact,2007,293,0.04
Wenaha,GRWEN,Grande Ronde / Imnaha,49.2735,impact,2008,365,0.06
Wenaha,GRWEN,Grande Ronde / Imnaha,49.2735,impact,2009,348,0
Wenaha,GRWEN,Grande Ronde / Imnaha,49.2735,impact,2010,692,0.14
Wenaha,GRWEN,Grande Ronde / Imnaha,49.2735,impact,2011,845,0.3
Wenaha,GRWEN,Grande Ronde / Imnaha,49.2735,impact,2012,658,0.14
Imnaha,IRMAI,Grande Ronde / Imnaha,57.2092,impact,1952,3574,0
Imnaha,IRMAI,Grande Ronde / Imnaha,57.2092,impact,1953,2920,0
Imnaha,IRMAI,Grande Ronde / Imnaha,57.2092,impact,1954,3054,0
Imnaha,IRMAI,Grande Ronde / Imnaha,57.2092,impact,1955,5856,0
Imnaha,IRMAI,Grande Ronde / Imnaha,57.2092,impact,1956,1728,0
Imnaha,IRMAI,Grande Ronde / Imnaha,57.2092,impact,1957,6267,0
Imnaha,IRMAI,Grande Ronde / Imnaha,57.2092,impact,1958,1399,0
Imnaha,IRMAI,Grande Ronde / Imnaha,57.2092,impact,1959,965,0
Imnaha,IRMAI,Grande Ronde / Imnaha,57.2092,impact,1960,2710,0
Imnaha,IRMAI,Grande Ronde / Imnaha,57.2092,impact,1961,1854,0
Imnaha,IRMAI,Grande Ronde / Imnaha,57.2092,impact,1962,2081,0
Imnaha,IRMAI,Grande Ronde / Imnaha,57.2092,impact,1963,1116,0
Imnaha,IRMAI,Grande Ronde / Imnaha,57.2092,impact,1964,2097,0
Imnaha,IRMAI,Grande Ronde / Imnaha,57.2092,impact,1965,1586,0
Imnaha,IRMAI,Grande Ronde / Imnaha,57.2092,impact,1966,1871,0
Imnaha,IRMAI,Grande Ronde / Imnaha,57.2092,impact,1967,1804,0
Imnaha,IRMAI,Grande Ronde / Imnaha,57.2092,impact,1968,2022,0
Imnaha,IRMAI,Grande Ronde / Imnaha,57.2092,impact,1969,2534,0
Imnaha,IRMAI,Grande Ronde / Imnaha,57.2092,impact,1970,1477,0
Imnaha,IRMAI,Grande Ronde / Imnaha,57.2092,impact,1971,3071,0
Imnaha,IRMAI,Grande Ronde / Imnaha,57.2092,impact,1972,2819,0
Imnaha,IRMAI,Grande Ronde / Imnaha,57.2092,impact,1973,4363,0
Imnaha,IRMAI,Grande Ronde / Imnaha,57.2092,impact,1974,2324,0
Imnaha,IRMAI,Grande Ronde / Imnaha,57.2092,impact,1975,1250,0
Imnaha,IRMAI,Grande Ronde / Imnaha,57.2092,impact,1976,1065,0
Imnaha,IRMAI,Grande Ronde / Imnaha,57.2092,impact,1977,1200,0
Imnaha,IRMAI,Grande Ronde / Imnaha,57.2092,impact,1978,3482,0
Imnaha,IRMAI,Grande Ronde / Imnaha,57.2092,impact,1979,436,0
Imnaha,IRMAI,Grande Ronde / Imnaha,57.2092,impact,1980,336,0
Imnaha,IRMAI,Grande Ronde / Imnaha,57.2092,impact,1981,831,0
Imnaha,IRMAI,Grande Ronde / Imnaha,57.2092,impact,1982,1082,0
Imnaha,IRMAI,Grande Ronde / Imnaha,57.2092,impact,1983,797,0
Imnaha,IRMAI,Grande Ronde / Imnaha,57.2092,impact,1984,948,0
Imnaha,IRMAI,Grande Ronde / Imnaha,57.2092,impact,1985,1592,0.08
Imnaha,IRMAI,Grande Ronde / Imnaha,57.2092,impact,1986,769,0.06
Imnaha,IRMAI,Grande Ronde / Imnaha,57.2092,impact,1987,503,0.1
Imnaha,IRMAI,Grande Ronde / Imnaha,57.2092,impact,1988,704,0.15
Imnaha,IRMAI,Grande Ronde / Imnaha,57.2092,impact,1989,347,0.27
Imnaha,IRMAI,Grande Ronde / Imnaha,57.2092,impact,1990,387,0.49
Imnaha,IRMAI,Grande Ronde / Imnaha,57.2092,impact,1991,493,0.55
Imnaha,IRMAI,Grande Ronde / Imnaha,57.2092,impact,1992,758,0.76
Imnaha,IRMAI,Grande Ronde / Imnaha,57.2092,impact,1993,1106,0.61
Imnaha,IRMAI,Grande Ronde / Imnaha,57.2092,impact,1994,258,0.44
Imnaha,IRMAI,Grande Ronde / Imnaha,57.2092,impact,1995,313,0.44
Imnaha,IRMAI,Grande Ronde / Imnaha,57.2092,impact,1996,386,0.24
Imnaha,IRMAI,Grande Ronde / Imnaha,57.2092,impact,1997,469,0.65
Imnaha,IRMAI,Grande Ronde / Imnaha,57.2092,impact,1998,387,0.53
Imnaha,IRMAI,Grande Ronde / Imnaha,57.2092,impact,1999,864,0.5
Imnaha,IRMAI,Grande Ronde / Imnaha,57.2092,impact,2000,1277,0.51
Imnaha,IRMAI,Grande Ronde / Imnaha,57.2092,impact,2001,2295,0.49
Imnaha,IRMAI,Grande Ronde / Imnaha,57.2092,impact,2002,2875,0.62
Imnaha,IRMAI,Grande Ronde / Imnaha,57.2092,impact,2003,2811,0.49
Imnaha,IRMAI,Grande Ronde / Imnaha,57.2092,impact,2004,1462,0.65
Imnaha,IRMAI,Grande Ronde / Imnaha,57.2092,impact,2005,748,0.65
Imnaha,IRMAI,Grande Ronde / Imnaha,57.2092,impact,2006,727,0.69
Imnaha,IRMAI,Grande Ronde / Imnaha,57.2092,impact,2007,750,0.79
Imnaha,IRMAI,Grande Ronde / Imnaha,57.2092,impact,2008,1936,0.86
Imnaha,IRMAI,Grande Ronde / Imnaha,57.2092,impact,2009,1947,0.78
Imnaha,IRMAI,Grande Ronde / Imnaha,57.2092,impact,2010,2744,0.73
Imnaha,IRMAI,Grande Ronde / Imnaha,57.2092,impact,2011,2266,0.61
BearValley,MFBEA,Middle Fork Salmon River,75.6181,control,1957,2004,0
BearValley,MFBEA,Middle Fork Salmon River,75.6181,control,1958,1270,0
BearValley,MFBEA,Middle Fork Salmon River,75.6181,control,1959,1588,0
BearValley,MFBEA,Middle Fork Salmon River,75.6181,control,1960,1386,0
BearValley,MFBEA,Middle Fork Salmon River,75.6181,control,1961,2377,0
BearValley,MFBEA,Middle Fork Salmon River,75.6181,control,1962,1722,0
BearValley,MFBEA,Middle Fork Salmon River,75.6181,control,1963,2109,0
BearValley,MFBEA,Middle Fork Salmon River,75.6181,control,1964,1895,0
BearValley,MFBEA,Middle Fork Salmon River,75.6181,control,1965,954,0
BearValley,MFBEA,Middle Fork Salmon River,75.6181,control,1966,2004,0
BearValley,MFBEA,Middle Fork Salmon River,75.6181,control,1967,1637,0
BearValley,MFBEA,Middle Fork Salmon River,75.6181,control,1968,2001,0
BearValley,MFBEA,Middle Fork Salmon River,75.6181,control,1969,1334,0
BearValley,MFBEA,Middle Fork Salmon River,75.6181,control,1970,1204,0
BearValley,MFBEA,Middle Fork Salmon River,75.6181,control,1971,532,0
BearValley,MFBEA,Middle Fork Salmon River,75.6181,control,1972,820,0
BearValley,MFBEA,Middle Fork Salmon River,75.6181,control,1973,1442,0
BearValley,MFBEA,Middle Fork Salmon River,75.6181,control,1974,450,0
BearValley,MFBEA,Middle Fork Salmon River,75.6181,control,1975,727,0
BearValley,MFBEA,Middle Fork Salmon River,75.6181,control,1976,259,0
BearValley,MFBEA,Middle Fork Salmon River,75.6181,control,1977,407,0
BearValley,MFBEA,Middle Fork Salmon River,75.6181,control,1978,742,0
BearValley,MFBEA,Middle Fork Salmon River,75.6181,control,1979,223,0
BearValley,MFBEA,Middle Fork Salmon River,75.6181,control,1980,44,0
BearValley,MFBEA,Middle Fork Salmon River,75.6181,control,1981,157,0
BearValley,MFBEA,Middle Fork Salmon River,75.6181,control,1982,91,0
BearValley,MFBEA,Middle Fork Salmon River,75.6181,control,1983,178,0
BearValley,MFBEA,Middle Fork Salmon River,75.6181,control,1984,155,0
BearValley,MFBEA,Middle Fork Salmon River,75.6181,control,1985,307,0
BearValley,MFBEA,Middle Fork Salmon River,75.6181,control,1986,244,0
BearValley,MFBEA,Middle Fork Salmon River,75.6181,control,1987,475,0
BearValley,MFBEA,Middle Fork Salmon River,75.6181,control,1988,1160,0
BearValley,MFBEA,Middle Fork Salmon River,75.6181,control,1989,95,0
BearValley,MFBEA,Middle Fork Salmon River,75.6181,control,1990,197,0
BearValley,MFBEA,Middle Fork Salmon River,75.6181,control,1991,191,0
BearValley,MFBEA,Middle Fork Salmon River,75.6181,control,1992,185,0
BearValley,MFBEA,Middle Fork Salmon River,75.6181,control,1993,738,0
BearValley,MFBEA,Middle Fork Salmon River,75.6181,control,1994,34,0
BearValley,MFBEA,Middle Fork Salmon River,75.6181,control,1995,17,0
BearValley,MFBEA,Middle Fork Salmon River,75.6181,control,1996,61,0
BearValley,MFBEA,Middle Fork Salmon River,75.6181,control,1997,235,0
BearValley,MFBEA,Middle Fork Salmon River,75.6181,control,1998,392,0
BearValley,MFBEA,Middle Fork Salmon River,75.6181,control,1999,81,0
BearValley,MFBEA,Middle Fork Salmon River,75.6181,control,2000,326,0
BearValley,MFBEA,Middle Fork Salmon River,75.6181,control,2001,740,0
BearValley,MFBEA,Middle Fork Salmon River,75.6181,control,2002,1177,0
BearValley,MFBEA,Middle Fork Salmon River,75.6181,control,2003,1315,0
BearValley,MFBEA,Middle Fork Salmon River,75.6181,control,2004,343,0
BearValley,MFBEA,Middle Fork Salmon River,75.6181,control,2005,307,0
BearValley,MFBEA,Middle Fork Salmon River,75.6181,control,2006,159,0
BearValley,MFBEA,Middle Fork Salmon River,75.6181,control,2007,312,0
BearValley,MFBEA,Middle Fork Salmon River,75.6181,control,2008,437,0
BearValley,MFBEA,Middle Fork Salmon River,75.6181,control,2009,502,0
BearValley,MFBEA,Middle Fork Salmon River,75.6181,control,2010,791,0
BearValley,MFBEA,Middle Fork Salmon River,75.6181,control,2011,757,0
BearValley,MFBEA,Middle Fork Salmon River,75.6181,control,2012,941,0
BigCr,MFBIG,Middle Fork Salmon River,140.545,control,1957,1097,0
BigCr,MFBIG,Middle Fork Salmon River,140.545,control,1958,463,0
BigCr,MFBIG,Middle Fork Salmon River,140.545,control,1959,429,0
BigCr,MFBIG,Middle Fork Salmon River,140.545,control,1960,756,0
BigCr,MFBIG,Middle Fork Salmon River,140.545,control,1961,1839,0
BigCr,MFBIG,Middle Fork Salmon River,140.545,control,1962,1088,0
BigCr,MFBIG,Middle Fork Salmon River,140.545,control,1963,722,0
BigCr,MFBIG,Middle Fork Salmon River,140.545,control,1964,249,0
BigCr,MFBIG,Middle Fork Salmon River,140.545,control,1965,356,0
BigCr,MFBIG,Middle Fork Salmon River,140.545,control,1966,600,0
BigCr,MFBIG,Middle Fork Salmon River,140.545,control,1967,327,0
BigCr,MFBIG,Middle Fork Salmon River,140.545,control,1968,439,0
BigCr,MFBIG,Middle Fork Salmon River,140.545,control,1969,317,0
BigCr,MFBIG,Middle Fork Salmon River,140.545,control,1970,332,0
BigCr,MFBIG,Middle Fork Salmon River,140.545,control,1971,156,0
BigCr,MFBIG,Middle Fork Salmon River,140.545,control,1972,293,0
BigCr,MFBIG,Middle Fork Salmon River,140.545,control,1973,468,0
BigCr,MFBIG,Middle Fork Salmon River,140.545,control,1974,137,0
BigCr,MFBIG,Middle Fork Salmon River,140.545,control,1975,376,0
BigCr,MFBIG,Middle Fork Salmon River,140.545,control,1976,107,0
BigCr,MFBIG,Middle Fork Salmon River,140.545,control,1977,44,0
BigCr,MFBIG,Middle Fork Salmon River,140.545,control,1978,463,0
BigCr,MFBIG,Middle Fork Salmon River,140.545,control,1979,73,0
BigCr,MFBIG,Middle Fork Salmon River,140.545,control,1980,20,0
BigCr,MFBIG,Middle Fork Salmon River,140.545,control,1981,107,0
BigCr,MFBIG,Middle Fork Salmon River,140.545,control,1982,34,0
BigCr,MFBIG,Middle Fork Salmon River,140.545,control,1983,132,0
BigCr,MFBIG,Middle Fork Salmon River,140.545,control,1984,205,0
BigCr,MFBIG,Middle Fork Salmon River,140.545,control,1985,341,0
BigCr,MFBIG,Middle Fork Salmon River,140.545,control,1986,327,0
BigCr,MFBIG,Middle Fork Salmon River,140.545,control,1987,176,0
BigCr,MFBIG,Middle Fork Salmon River,140.545,control,1988,493,0
BigCr,MFBIG,Middle Fork Salmon River,140.545,control,1989,146,0
BigCr,MFBIG,Middle Fork Salmon River,140.545,control,1990,107,0
BigCr,MFBIG,Middle Fork Salmon River,140.545,control,1991,63,0
BigCr,MFBIG,Middle Fork Salmon River,140.545,control,1992,98,0
BigCr,MFBIG,Middle Fork Salmon River,140.545,control,1993,273,0
BigCr,MFBIG,Middle Fork Salmon River,140.545,control,1994,15,0
BigCr,MFBIG,Middle Fork Salmon River,140.545,control,1995,10,0
BigCr,MFBIG,Middle Fork Salmon River,140.545,control,1996,5,0
BigCr,MFBIG,Middle Fork Salmon River,140.545,control,1997,161,0
BigCr,MFBIG,Middle Fork Salmon River,140.545,control,1998,73,0
BigCr,MFBIG,Middle Fork Salmon River,140.545,control,1999,49,0
BigCr,MFBIG,Middle Fork Salmon River,140.545,control,2000,63,0
BigCr,MFBIG,Middle Fork Salmon River,140.545,control,2001,683,0
BigCr,MFBIG,Middle Fork Salmon River,140.545,control,2002,551,0
BigCr,MFBIG,Middle Fork Salmon River,140.545,control,2003,439,0
BigCr,MFBIG,Middle Fork Salmon River,140.545,control,2004,244,0
BigCr,MFBIG,Middle Fork Salmon River,140.545,control,2005,68,0
BigCr,MFBIG,Middle Fork Salmon River,140.545,control,2006,44,0
BigCr,MFBIG,Middle Fork Salmon River,140.545,control,2007,98,0
BigCr,MFBIG,Middle Fork Salmon River,140.545,control,2008,205,0
BigCr,MFBIG,Middle Fork Salmon River,140.545,control,2009,449,0
BigCr,MFBIG,Middle Fork Salmon River,140.545,control,2010,224,0
BigCr,MFBIG,Middle Fork Salmon River,140.545,control,2011,298,0
BigCr,MFBIG,Middle Fork Salmon River,140.545,control,2012,385,0
Camas,MFCAM,Middle Fork Salmon River,63.4086,control,1960,351,0
Camas,MFCAM,Middle Fork Salmon River,63.4086,control,1961,445,0
Camas,MFCAM,Middle Fork Salmon River,63.4086,control,1962,388,0
Camas,MFCAM,Middle Fork Salmon River,63.4086,control,1963,473,0
Camas,MFCAM,Middle Fork Salmon River,63.4086,control,1964,554,0
Camas,MFCAM,Middle Fork Salmon River,63.4086,control,1965,69,0
Camas,MFCAM,Middle Fork Salmon River,63.4086,control,1966,369,0
Camas,MFCAM,Middle Fork Salmon River,63.4086,control,1967,341,0
Camas,MFCAM,Middle Fork Salmon River,63.4086,control,1968,513,0
Camas,MFCAM,Middle Fork Salmon River,63.4086,control,1969,157,0
Camas,MFCAM,Middle Fork Salmon River,63.4086,control,1970,153,0
Camas,MFCAM,Middle Fork Salmon River,63.4086,control,1971,216,0
Camas,MFCAM,Middle Fork Salmon River,63.4086,control,1972,385,0
Camas,MFCAM,Middle Fork Salmon River,63.4086,control,1973,551,0
Camas,MFCAM,Middle Fork Salmon River,63.4086,control,1974,413,0
Camas,MFCAM,Middle Fork Salmon River,63.4086,control,1975,307,0
Camas,MFCAM,Middle Fork Salmon River,63.4086,control,1976,66,0
Camas,MFCAM,Middle Fork Salmon River,63.4086,control,1977,203,0
Camas,MFCAM,Middle Fork Salmon River,63.4086,control,1978,319,0
Camas,MFCAM,Middle Fork Salmon River,63.4086,control,1979,41,0
Camas,MFCAM,Middle Fork Salmon River,63.4086,control,1980,34,0
Camas,MFCAM,Middle Fork Salmon River,63.4086,control,1981,191,0
Camas,MFCAM,Middle Fork Salmon River,63.4086,control,1982,91,0
Camas,MFCAM,Middle Fork Salmon River,63.4086,control,1983,81,0
Camas,MFCAM,Middle Fork Salmon River,63.4086,control,1984,19,0
Camas,MFCAM,Middle Fork Salmon River,63.4086,control,1985,66,0
Camas,MFCAM,Middle Fork Salmon River,63.4086,control,1986,34,0
Camas,MFCAM,Middle Fork Salmon River,63.4086,control,1987,100,0
Camas,MFCAM,Middle Fork Salmon River,63.4086,control,1988,NA,0
Camas,MFCAM,Middle Fork Salmon River,63.4086,control,1989,91,0
Camas,MFCAM,Middle Fork Salmon River,63.4086,control,1990,9,0
Camas,MFCAM,Middle Fork Salmon River,63.4086,control,1991,34,0
Camas,MFCAM,Middle Fork Salmon River,63.4086,control,1992,22,0
Camas,MFCAM,Middle Fork Salmon River,63.4086,control,1993,81,0
Camas,MFCAM,Middle Fork Salmon River,63.4086,control,1994,6,0
Camas,MFCAM,Middle Fork Salmon River,63.4086,control,1995,NA,0
Camas,MFCAM,Middle Fork Salmon River,63.4086,control,1996,3,0
Camas,MFCAM,Middle Fork Salmon River,63.4086,control,1997,22,0
Camas,MFCAM,Middle Fork Salmon River,63.4086,control,1998,50,0
Camas,MFCAM,Middle Fork Salmon River,63.4086,control,1999,9,0
Camas,MFCAM,Middle Fork Salmon River,63.4086,control,2000,16,0
Camas,MFCAM,Middle Fork Salmon River,63.4086,control,2001,294,0
Camas,MFCAM,Middle Fork Salmon River,63.4086,control,2002,263,0
Camas,MFCAM,Middle Fork Salmon River,63.4086,control,2003,291,0
Camas,MFCAM,Middle Fork Salmon River,63.4086,control,2004,59,0
Camas,MFCAM,Middle Fork Salmon River,63.4086,control,2005,63,0
Camas,MFCAM,Middle Fork Salmon River,63.4086,control,2006,41,0
Camas,MFCAM,Middle Fork Salmon River,63.4086,control,2007,34,0
Camas,MFCAM,Middle Fork Salmon River,63.4086,control,2008,47,0
Camas,MFCAM,Middle Fork Salmon River,63.4086,control,2009,38,0
Camas,MFCAM,Middle Fork Salmon River,63.4086,control,2010,53,0
Camas,MFCAM,Middle Fork Salmon River,63.4086,control,2011,9,0
Camas,MFCAM,Middle Fork Salmon River,63.4086,control,2012,69,0
Loon,MFLOO,Middle Fork Salmon River,74.1852,control,1957,1091,0
Loon,MFLOO,Middle Fork Salmon River,74.1852,control,1958,495,0
Loon,MFLOO,Middle Fork Salmon River,74.1852,control,1959,316,0
Loon,MFLOO,Middle Fork Salmon River,74.1852,control,1960,857,0
Loon,MFLOO,Middle Fork Salmon River,74.1852,control,1961,336,0
Loon,MFLOO,Middle Fork Salmon River,74.1852,control,1962,403,0
Loon,MFLOO,Middle Fork Salmon River,74.1852,control,1963,670,0
Loon,MFLOO,Middle Fork Salmon River,74.1852,control,1964,926,0
Loon,MFLOO,Middle Fork Salmon River,74.1852,control,1965,426,0
Loon,MFLOO,Middle Fork Salmon River,74.1852,control,1966,126,0
Loon,MFLOO,Middle Fork Salmon River,74.1852,control,1967,421,0
Loon,MFLOO,Middle Fork Salmon River,74.1852,control,1968,346,0
Loon,MFLOO,Middle Fork Salmon River,74.1852,control,1969,282,0
Loon,MFLOO,Middle Fork Salmon River,74.1852,control,1970,110,0
Loon,MFLOO,Middle Fork Salmon River,74.1852,control,1971,203,0
Loon,MFLOO,Middle Fork Salmon River,74.1852,control,1972,385,0
Loon,MFLOO,Middle Fork Salmon River,74.1852,control,1973,200,0
Loon,MFLOO,Middle Fork Salmon River,74.1852,control,1974,121,0
Loon,MFLOO,Middle Fork Salmon River,74.1852,control,1975,82,0
Loon,MFLOO,Middle Fork Salmon River,74.1852,control,1976,80,0
Loon,MFLOO,Middle Fork Salmon River,74.1852,control,1977,159,0
Loon,MFLOO,Middle Fork Salmon River,74.1852,control,1978,74,0
Loon,MFLOO,Middle Fork Salmon River,74.1852,control,1979,NA,0
Loon,MFLOO,Middle Fork Salmon River,74.1852,control,1980,23,0
Loon,MFLOO,Middle Fork Salmon River,74.1852,control,1981,77,0
Loon,MFLOO,Middle Fork Salmon River,74.1852,control,1982,59,0
Loon,MFLOO,Middle Fork Salmon River,74.1852,control,1983,18,0
Loon,MFLOO,Middle Fork Salmon River,74.1852,control,1984,10,0
Loon,MFLOO,Middle Fork Salmon River,74.1852,control,1985,72,0
Loon,MFLOO,Middle Fork Salmon River,74.1852,control,1986,54,0
Loon,MFLOO,Middle Fork Salmon River,74.1852,control,1987,59,0
Loon,MFLOO,Middle Fork Salmon River,74.1852,control,1988,13,0
Loon,MFLOO,Middle Fork Salmon River,74.1852,control,1989,41,0
Loon,MFLOO,Middle Fork Salmon River,74.1852,control,1990,NA,0
Loon,MFLOO,Middle Fork Salmon River,74.1852,control,1991,41,0
Loon,MFLOO,Middle Fork Salmon River,74.1852,control,1992,56,0
Loon,MFLOO,Middle Fork Salmon River,74.1852,control,1993,80,0
Loon,MFLOO,Middle Fork Salmon River,74.1852,control,1994,3,0
Loon,MFLOO,Middle Fork Salmon River,74.1852,control,1995,NA,0
Loon,MFLOO,Middle Fork Salmon River,74.1852,control,1996,3,0
Loon,MFLOO,Middle Fork Salmon River,74.1852,control,1997,56,0
Loon,MFLOO,Middle Fork Salmon River,74.1852,control,1998,108,0
Loon,MFLOO,Middle Fork Salmon River,74.1852,control,1999,15,0
Loon,MFLOO,Middle Fork Salmon River,74.1852,control,2000,26,0
Loon,MFLOO,Middle Fork Salmon River,74.1852,control,2001,654,0
Loon,MFLOO,Middle Fork Salmon River,74.1852,control,2002,539,0
Loon,MFLOO,Middle Fork Salmon River,74.1852,control,2003,490,0
Loon,MFLOO,Middle Fork Salmon River,74.1852,control,2004,133,0
Loon,MFLOO,Middle Fork Salmon River,74.1852,control,2005,80,0
Loon,MFLOO,Middle Fork Salmon River,74.1852,control,2006,36,0
Loon,MFLOO,Middle Fork Salmon River,74.1852,control,2007,54,0
Loon,MFLOO,Middle Fork Salmon River,74.1852,control,2008,98,0
Loon,MFLOO,Middle Fork Salmon River,74.1852,control,2009,72,0
Loon,MFLOO,Middle Fork Salmon River,74.1852,control,2010,51,0
Loon,MFLOO,Middle Fork Salmon River,74.1852,control,2011,38,0
Loon,MFLOO,Middle Fork Salmon River,74.1852,control,2012,87,0
MarshCR,MFMAR,Middle Fork Salmon River,44.3858,control,1957,906,0
MarshCR,MFMAR,Middle Fork Salmon River,44.3858,control,1958,682,0
MarshCR,MFMAR,Middle Fork Salmon River,44.3858,control,1959,229,0
MarshCR,MFMAR,Middle Fork Salmon River,44.3858,control,1960,778,0
MarshCR,MFMAR,Middle Fork Salmon River,44.3858,control,1961,1369,0
MarshCR,MFMAR,Middle Fork Salmon River,44.3858,control,1962,887,0
MarshCR,MFMAR,Middle Fork Salmon River,44.3858,control,1963,968,0
MarshCR,MFMAR,Middle Fork Salmon River,44.3858,control,1964,1845,0
MarshCR,MFMAR,Middle Fork Salmon River,44.3858,control,1965,1051,0
MarshCR,MFMAR,Middle Fork Salmon River,44.3858,control,1966,1057,0
MarshCR,MFMAR,Middle Fork Salmon River,44.3858,control,1967,1692,0
MarshCR,MFMAR,Middle Fork Salmon River,44.3858,control,1968,1213,0
MarshCR,MFMAR,Middle Fork Salmon River,44.3858,control,1969,578,0
MarshCR,MFMAR,Middle Fork Salmon River,44.3858,control,1970,1187,0
MarshCR,MFMAR,Middle Fork Salmon River,44.3858,control,1971,731,0
MarshCR,MFMAR,Middle Fork Salmon River,44.3858,control,1972,812,0
MarshCR,MFMAR,Middle Fork Salmon River,44.3858,control,1973,1348,0
MarshCR,MFMAR,Middle Fork Salmon River,44.3858,control,1974,547,0
MarshCR,MFMAR,Middle Fork Salmon River,44.3858,control,1975,523,0
MarshCR,MFMAR,Middle Fork Salmon River,44.3858,control,1976,125,0
MarshCR,MFMAR,Middle Fork Salmon River,44.3858,control,1977,255,0
MarshCR,MFMAR,Middle Fork Salmon River,44.3858,control,1978,703,0
MarshCR,MFMAR,Middle Fork Salmon River,44.3858,control,1979,122,0
MarshCR,MFMAR,Middle Fork Salmon River,44.3858,control,1980,23,0
MarshCR,MFMAR,Middle Fork Salmon River,44.3858,control,1981,164,0
MarshCR,MFMAR,Middle Fork Salmon River,44.3858,control,1982,104,0
MarshCR,MFMAR,Middle Fork Salmon River,44.3858,control,1983,86,0
MarshCR,MFMAR,Middle Fork Salmon River,44.3858,control,1984,156,0
MarshCR,MFMAR,Middle Fork Salmon River,44.3858,control,1985,281,0
MarshCR,MFMAR,Middle Fork Salmon River,44.3858,control,1986,263,0
MarshCR,MFMAR,Middle Fork Salmon River,44.3858,control,1987,390,0
MarshCR,MFMAR,Middle Fork Salmon River,44.3858,control,1988,565,0
MarshCR,MFMAR,Middle Fork Salmon River,44.3858,control,1989,115,0
MarshCR,MFMAR,Middle Fork Salmon River,44.3858,control,1990,148,0
MarshCR,MFMAR,Middle Fork Salmon River,44.3858,control,1991,104,0
MarshCR,MFMAR,Middle Fork Salmon River,44.3858,control,1992,169,0
MarshCR,MFMAR,Middle Fork Salmon River,44.3858,control,1993,328,0
MarshCR,MFMAR,Middle Fork Salmon River,44.3858,control,1994,13,0
MarshCR,MFMAR,Middle Fork Salmon River,44.3858,control,1995,NA,0
MarshCR,MFMAR,Middle Fork Salmon River,44.3858,control,1996,26,0
MarshCR,MFMAR,Middle Fork Salmon River,44.3858,control,1997,161,0
MarshCR,MFMAR,Middle Fork Salmon River,44.3858,control,1998,229,0
MarshCR,MFMAR,Middle Fork Salmon River,44.3858,control,1999,NA,0
MarshCR,MFMAR,Middle Fork Salmon River,44.3858,control,2000,94,0
MarshCR,MFMAR,Middle Fork Salmon River,44.3858,control,2001,508,0
MarshCR,MFMAR,Middle Fork Salmon River,44.3858,control,2002,484,0
MarshCR,MFMAR,Middle Fork Salmon River,44.3858,control,2003,872,0
MarshCR,MFMAR,Middle Fork Salmon River,44.3858,control,2004,94,0
MarshCR,MFMAR,Middle Fork Salmon River,44.3858,control,2005,65,0
MarshCR,MFMAR,Middle Fork Salmon River,44.3858,control,2006,125,0
MarshCR,MFMAR,Middle Fork Salmon River,44.3858,control,2007,130,0
MarshCR,MFMAR,Middle Fork Salmon River,44.3858,control,2008,177,0
MarshCR,MFMAR,Middle Fork Salmon River,44.3858,control,2009,167,0
MarshCR,MFMAR,Middle Fork Salmon River,44.3858,control,2010,632,0
MarshCR,MFMAR,Middle Fork Salmon River,44.3858,control,2011,674,0
MarshCR,MFMAR,Middle Fork Salmon River,44.3858,control,2012,411,0
SulphurCr,MFSUL,Middle Fork Salmon River,14.8618,control,1957,693,0
SulphurCr,MFSUL,Middle Fork Salmon River,14.8618,control,1958,238,0
SulphurCr,MFSUL,Middle Fork Salmon River,14.8618,control,1959,169,0
SulphurCr,MFSUL,Middle Fork Salmon River,14.8618,control,1960,160,0
SulphurCr,MFSUL,Middle Fork Salmon River,14.8618,control,1961,498,0
SulphurCr,MFSUL,Middle Fork Salmon River,14.8618,control,1962,321,0
SulphurCr,MFSUL,Middle Fork Salmon River,14.8618,control,1963,576,0
SulphurCr,MFSUL,Middle Fork Salmon River,14.8618,control,1964,202,0
SulphurCr,MFSUL,Middle Fork Salmon River,14.8618,control,1965,132,0
SulphurCr,MFSUL,Middle Fork Salmon River,14.8618,control,1966,584,0
SulphurCr,MFSUL,Middle Fork Salmon River,14.8618,control,1967,551,0
SulphurCr,MFSUL,Middle Fork Salmon River,14.8618,control,1968,584,0
SulphurCr,MFSUL,Middle Fork Salmon River,14.8618,control,1969,568,0
SulphurCr,MFSUL,Middle Fork Salmon River,14.8618,control,1970,383,0
SulphurCr,MFSUL,Middle Fork Salmon River,14.8618,control,1971,239,0
SulphurCr,MFSUL,Middle Fork Salmon River,14.8618,control,1972,292,0
SulphurCr,MFSUL,Middle Fork Salmon River,14.8618,control,1973,321,0
SulphurCr,MFSUL,Middle Fork Salmon River,14.8618,control,1974,123,0
SulphurCr,MFSUL,Middle Fork Salmon River,14.8618,control,1975,206,0
SulphurCr,MFSUL,Middle Fork Salmon River,14.8618,control,1976,58,0
SulphurCr,MFSUL,Middle Fork Salmon River,14.8618,control,1977,21,0
SulphurCr,MFSUL,Middle Fork Salmon River,14.8618,control,1978,263,0
SulphurCr,MFSUL,Middle Fork Salmon River,14.8618,control,1979,62,0
SulphurCr,MFSUL,Middle Fork Salmon River,14.8618,control,1980,8,0
SulphurCr,MFSUL,Middle Fork Salmon River,14.8618,control,1981,29,0
SulphurCr,MFSUL,Middle Fork Salmon River,14.8618,control,1982,12,0
SulphurCr,MFSUL,Middle Fork Salmon River,14.8618,control,1983,33,0
SulphurCr,MFSUL,Middle Fork Salmon River,14.8618,control,1984,NA,0
SulphurCr,MFSUL,Middle Fork Salmon River,14.8618,control,1985,41,0
SulphurCr,MFSUL,Middle Fork Salmon River,14.8618,control,1986,267,0
SulphurCr,MFSUL,Middle Fork Salmon River,14.8618,control,1987,45,0
SulphurCr,MFSUL,Middle Fork Salmon River,14.8618,control,1988,303,0
SulphurCr,MFSUL,Middle Fork Salmon River,14.8618,control,1989,22,0
SulphurCr,MFSUL,Middle Fork Salmon River,14.8618,control,1990,87,0
SulphurCr,MFSUL,Middle Fork Salmon River,14.8618,control,1991,108,0
SulphurCr,MFSUL,Middle Fork Salmon River,14.8618,control,1992,11,0
SulphurCr,MFSUL,Middle Fork Salmon River,14.8618,control,1993,132,0
SulphurCr,MFSUL,Middle Fork Salmon River,14.8618,control,1994,NA,0
SulphurCr,MFSUL,Middle Fork Salmon River,14.8618,control,1995,2,0
SulphurCr,MFSUL,Middle Fork Salmon River,14.8618,control,1996,28,0
SulphurCr,MFSUL,Middle Fork Salmon River,14.8618,control,1997,37,0
SulphurCr,MFSUL,Middle Fork Salmon River,14.8618,control,1998,102,0
SulphurCr,MFSUL,Middle Fork Salmon River,14.8618,control,1999,NA,0
SulphurCr,MFSUL,Middle Fork Salmon River,14.8618,control,2000,11,0
SulphurCr,MFSUL,Middle Fork Salmon River,14.8618,control,2001,87,0
SulphurCr,MFSUL,Middle Fork Salmon River,14.8618,control,2002,201,0
SulphurCr,MFSUL,Middle Fork Salmon River,14.8618,control,2003,191,0
SulphurCr,MFSUL,Middle Fork Salmon River,14.8618,control,2004,15,0
SulphurCr,MFSUL,Middle Fork Salmon River,14.8618,control,2005,28,0
SulphurCr,MFSUL,Middle Fork Salmon River,14.8618,control,2006,54,0
SulphurCr,MFSUL,Middle Fork Salmon River,14.8618,control,2007,56,0
SulphurCr,MFSUL,Middle Fork Salmon River,14.8618,control,2008,71,0
SulphurCr,MFSUL,Middle Fork Salmon River,14.8618,control,2009,50,0
SulphurCr,MFSUL,Middle Fork Salmon River,14.8618,control,2010,113,0
SulphurCr,MFSUL,Middle Fork Salmon River,14.8618,control,2011,171,0
SulphurCr,MFSUL,Middle Fork Salmon River,14.8618,control,2012,41,0
SFSEast,SFEFS,South Fork Salmon River,123.279,impact,1957,804,0
SFSEast,SFEFS,South Fork Salmon River,123.279,impact,1958,282,0
SFSEast,SFEFS,South Fork Salmon River,123.279,impact,1959,679,0
SFSEast,SFEFS,South Fork Salmon River,123.279,impact,1960,1183,0
SFSEast,SFEFS,South Fork Salmon River,123.279,impact,1961,478,0
SFSEast,SFEFS,South Fork Salmon River,123.279,impact,1962,760,0
SFSEast,SFEFS,South Fork Salmon River,123.279,impact,1963,684,0
SFSEast,SFEFS,South Fork Salmon River,123.279,impact,1964,797,0
SFSEast,SFEFS,South Fork Salmon River,123.279,impact,1965,298,0
SFSEast,SFEFS,South Fork Salmon River,123.279,impact,1966,284,0
SFSEast,SFEFS,South Fork Salmon River,123.279,impact,1967,737,0
SFSEast,SFEFS,South Fork Salmon River,123.279,impact,1968,328,0
SFSEast,SFEFS,South Fork Salmon River,123.279,impact,1969,702,0
SFSEast,SFEFS,South Fork Salmon River,123.279,impact,1970,335,0
SFSEast,SFEFS,South Fork Salmon River,123.279,impact,1971,471,0
SFSEast,SFEFS,South Fork Salmon River,123.279,impact,1972,566,0
SFSEast,SFEFS,South Fork Salmon River,123.279,impact,1973,698,0
SFSEast,SFEFS,South Fork Salmon River,123.279,impact,1974,275,0
SFSEast,SFEFS,South Fork Salmon River,123.279,impact,1975,178,0
SFSEast,SFEFS,South Fork Salmon River,123.279,impact,1976,176,0
SFSEast,SFEFS,South Fork Salmon River,123.279,impact,1977,208,0
SFSEast,SFEFS,South Fork Salmon River,123.279,impact,1978,291,0
SFSEast,SFEFS,South Fork Salmon River,123.279,impact,1979,92,0
SFSEast,SFEFS,South Fork Salmon River,123.279,impact,1980,62,0
SFSEast,SFEFS,South Fork Salmon River,123.279,impact,1981,116,0
SFSEast,SFEFS,South Fork Salmon River,123.279,impact,1982,95,0
SFSEast,SFEFS,South Fork Salmon River,123.279,impact,1983,162,0
SFSEast,SFEFS,South Fork Salmon River,123.279,impact,1984,44,0
SFSEast,SFEFS,South Fork Salmon River,123.279,impact,1985,194,0
SFSEast,SFEFS,South Fork Salmon River,123.279,impact,1986,136,0
SFSEast,SFEFS,South Fork Salmon River,123.279,impact,1987,185,0
SFSEast,SFEFS,South Fork Salmon River,123.279,impact,1988,353,0.04
SFSEast,SFEFS,South Fork Salmon River,123.279,impact,1989,109,0.04
SFSEast,SFEFS,South Fork Salmon River,123.279,impact,1990,143,0.04
SFSEast,SFEFS,South Fork Salmon River,123.279,impact,1991,164,0.04
SFSEast,SFEFS,South Fork Salmon River,123.279,impact,1992,196,0.04
SFSEast,SFEFS,South Fork Salmon River,123.279,impact,1993,365,0.04
SFSEast,SFEFS,South Fork Salmon River,123.279,impact,1994,51,0.04
SFSEast,SFEFS,South Fork Salmon River,123.279,impact,1995,23,0.04
SFSEast,SFEFS,South Fork Salmon River,123.279,impact,1996,60,0
SFSEast,SFEFS,South Fork Salmon River,123.279,impact,1997,243,0.02
SFSEast,SFEFS,South Fork Salmon River,123.279,impact,1998,125,0
SFSEast,SFEFS,South Fork Salmon River,123.279,impact,1999,55,0
SFSEast,SFEFS,South Fork Salmon River,123.279,impact,2000,125,0.12
SFSEast,SFEFS,South Fork Salmon River,123.279,impact,2001,1392,0.19
SFSEast,SFEFS,South Fork Salmon River,123.279,impact,2002,1067,0.37
SFSEast,SFEFS,South Fork Salmon River,123.279,impact,2003,747,0.23
SFSEast,SFEFS,South Fork Salmon River,123.279,impact,2004,352,0.36
SFSEast,SFEFS,South Fork Salmon River,123.279,impact,2005,160,0.41
SFSEast,SFEFS,South Fork Salmon River,123.279,impact,2006,156,0.58
SFSEast,SFEFS,South Fork Salmon River,123.279,impact,2007,360,0.63
SFSEast,SFEFS,South Fork Salmon River,123.279,impact,2008,595,0.56
SFSEast,SFEFS,South Fork Salmon River,123.279,impact,2009,821,0.7
SFSMain,SFMAI,South Fork Salmon River,309.2499,impact,1958,2786,0
SFSMain,SFMAI,South Fork Salmon River,309.2499,impact,1959,3015,0
SFSMain,SFMAI,South Fork Salmon River,309.2499,impact,1960,5029,0
SFSMain,SFMAI,South Fork Salmon River,309.2499,impact,1961,2444,0
SFSMain,SFMAI,South Fork Salmon River,309.2499,impact,1962,3671,0
SFSMain,SFMAI,South Fork Salmon River,309.2499,impact,1963,2442,0
SFSMain,SFMAI,South Fork Salmon River,309.2499,impact,1964,908,0
SFSMain,SFMAI,South Fork Salmon River,309.2499,impact,1965,1515,0
SFSMain,SFMAI,South Fork Salmon River,309.2499,impact,1966,2264,0
SFSMain,SFMAI,South Fork Salmon River,309.2499,impact,1967,2084,0
SFSMain,SFMAI,South Fork Salmon River,309.2499,impact,1968,1190,0
SFSMain,SFMAI,South Fork Salmon River,309.2499,impact,1969,1469,0
SFSMain,SFMAI,South Fork Salmon River,309.2499,impact,1970,1217,0
SFSMain,SFMAI,South Fork Salmon River,309.2499,impact,1971,973,0
SFSMain,SFMAI,South Fork Salmon River,309.2499,impact,1972,1310,0
SFSMain,SFMAI,South Fork Salmon River,309.2499,impact,1973,1354,0
SFSMain,SFMAI,South Fork Salmon River,309.2499,impact,1974,504,0
SFSMain,SFMAI,South Fork Salmon River,309.2499,impact,1975,550,0
SFSMain,SFMAI,South Fork Salmon River,309.2499,impact,1976,557,0
SFSMain,SFMAI,South Fork Salmon River,309.2499,impact,1977,522,0
SFSMain,SFMAI,South Fork Salmon River,309.2499,impact,1978,580,0
SFSMain,SFMAI,South Fork Salmon River,309.2499,impact,1979,266,0
SFSMain,SFMAI,South Fork Salmon River,309.2499,impact,1980,268,0
SFSMain,SFMAI,South Fork Salmon River,309.2499,impact,1981,291,0
SFSMain,SFMAI,South Fork Salmon River,309.2499,impact,1982,256,0.04
SFSMain,SFMAI,South Fork Salmon River,309.2499,impact,1983,427,0.07
SFSMain,SFMAI,South Fork Salmon River,309.2499,impact,1984,381,0.22
SFSMain,SFMAI,South Fork Salmon River,309.2499,impact,1985,746,0.37
SFSMain,SFMAI,South Fork Salmon River,309.2499,impact,1986,668,0.17
SFSMain,SFMAI,South Fork Salmon River,309.2499,impact,1987,1737,0.2
SFSMain,SFMAI,South Fork Salmon River,309.2499,impact,1988,1659,0.25
SFSMain,SFMAI,South Fork Salmon River,309.2499,impact,1989,501,0.13
SFSMain,SFMAI,South Fork Salmon River,309.2499,impact,1990,892,0.18
SFSMain,SFMAI,South Fork Salmon River,309.2499,impact,1991,908,0.1
SFSMain,SFMAI,South Fork Salmon River,309.2499,impact,1992,1582,0.63
SFSMain,SFMAI,South Fork Salmon River,309.2499,impact,1993,2169,0.44
SFSMain,SFMAI,South Fork Salmon River,309.2499,impact,1994,552,0.33
SFSMain,SFMAI,South Fork Salmon River,309.2499,impact,1995,224,0.45
SFSMain,SFMAI,South Fork Salmon River,309.2499,impact,1996,367,0.23
SFSMain,SFMAI,South Fork Salmon River,309.2499,impact,1997,1257,0.64
SFSMain,SFMAI,South Fork Salmon River,309.2499,impact,1998,1204,0.4
SFSMain,SFMAI,South Fork Salmon River,309.2499,impact,1999,926,0.25
SFSMain,SFMAI,South Fork Salmon River,309.2499,impact,2000,1511,0.51
SFSMain,SFMAI,South Fork Salmon River,309.2499,impact,2001,2529,0.32
SFSMain,SFMAI,South Fork Salmon River,309.2499,impact,2002,3021,0.4
SFSMain,SFMAI,South Fork Salmon River,309.2499,impact,2003,3130,0.33
SFSMain,SFMAI,South Fork Salmon River,309.2499,impact,2004,1231,0.47
SFSMain,SFMAI,South Fork Salmon River,309.2499,impact,2005,901,0.51
SFSMain,SFMAI,South Fork Salmon River,309.2499,impact,2006,NA,0.555
SFSMain,SFMAI,South Fork Salmon River,309.2499,impact,2007,NA,0.555
SFSMain,SFMAI,South Fork Salmon River,309.2499,impact,2008,1033,0.6
Secesh,SFSEC,South Fork Salmon River,71.078,impact,1957,870,0
Secesh,SFSEC,South Fork Salmon River,71.078,impact,1958,986,0
Secesh,SFSEC,South Fork Salmon River,71.078,impact,1959,630,0
Secesh,SFSEC,South Fork Salmon River,71.078,impact,1960,1320,0
Secesh,SFSEC,South Fork Salmon River,71.078,impact,1961,502,0
Secesh,SFSEC,South Fork Salmon River,71.078,impact,1962,740,0
Secesh,SFSEC,South Fork Salmon River,71.078,impact,1963,418,0
Secesh,SFSEC,South Fork Salmon River,71.078,impact,1964,661,0
Secesh,SFSEC,South Fork Salmon River,71.078,impact,1965,356,0
Secesh,SFSEC,South Fork Salmon River,71.078,impact,1966,511,0
Secesh,SFSEC,South Fork Salmon River,71.078,impact,1967,511,0
Secesh,SFSEC,South Fork Salmon River,71.078,impact,1968,211,0
Secesh,SFSEC,South Fork Salmon River,71.078,impact,1969,379,0
Secesh,SFSEC,South Fork Salmon River,71.078,impact,1970,231,0
Secesh,SFSEC,South Fork Salmon River,71.078,impact,1971,349,0
Secesh,SFSEC,South Fork Salmon River,71.078,impact,1972,324,0
Secesh,SFSEC,South Fork Salmon River,71.078,impact,1973,250,0
Secesh,SFSEC,South Fork Salmon River,71.078,impact,1974,74,0
Secesh,SFSEC,South Fork Salmon River,71.078,impact,1975,48,0
Secesh,SFSEC,South Fork Salmon River,71.078,impact,1976,63,0
Secesh,SFSEC,South Fork Salmon River,71.078,impact,1977,106,0
Secesh,SFSEC,South Fork Salmon River,71.078,impact,1978,333,0
Secesh,SFSEC,South Fork Salmon River,71.078,impact,1979,72,0
Secesh,SFSEC,South Fork Salmon River,71.078,impact,1980,72,0
Secesh,SFSEC,South Fork Salmon River,71.078,impact,1981,194,0
Secesh,SFSEC,South Fork Salmon River,71.078,impact,1982,238,0
Secesh,SFSEC,South Fork Salmon River,71.078,impact,1983,358,0
Secesh,SFSEC,South Fork Salmon River,71.078,impact,1984,156,0
Secesh,SFSEC,South Fork Salmon River,71.078,impact,1985,384,0
Secesh,SFSEC,South Fork Salmon River,71.078,impact,1986,306,0
Secesh,SFSEC,South Fork Salmon River,71.078,impact,1987,321,0
Secesh,SFSEC,South Fork Salmon River,71.078,impact,1988,412,0.04
Secesh,SFSEC,South Fork Salmon River,71.078,impact,1989,260,0.04
Secesh,SFSEC,South Fork Salmon River,71.078,impact,1990,146,0.04
Secesh,SFSEC,South Fork Salmon River,71.078,impact,1991,298,0.04
Secesh,SFSEC,South Fork Salmon River,71.078,impact,1992,333,0.04
Secesh,SFSEC,South Fork Salmon River,71.078,impact,1993,346,0.04
Secesh,SFSEC,South Fork Salmon River,71.078,impact,1994,101,0.04
Secesh,SFSEC,South Fork Salmon River,71.078,impact,1995,71,0.04
Secesh,SFSEC,South Fork Salmon River,71.078,impact,1996,177,0
Secesh,SFSEC,South Fork Salmon River,71.078,impact,1997,349,0.03
Secesh,SFSEC,South Fork Salmon River,71.078,impact,1998,110,0.1
Secesh,SFSEC,South Fork Salmon River,71.078,impact,1999,189,0.01
Secesh,SFSEC,South Fork Salmon River,71.078,impact,2000,518,0.01
Secesh,SFSEC,South Fork Salmon River,71.078,impact,2001,1358,0.07
Secesh,SFSEC,South Fork Salmon River,71.078,impact,2002,1030,0.08
Secesh,SFSEC,South Fork Salmon River,71.078,impact,2003,1107,0.01
Secesh,SFSEC,South Fork Salmon River,71.078,impact,2004,872,0.03
Secesh,SFSEC,South Fork Salmon River,71.078,impact,2005,322,0.01
Secesh,SFSEC,South Fork Salmon River,71.078,impact,2006,213,0.07
Secesh,SFSEC,South Fork Salmon River,71.078,impact,2007,290,0.1
Secesh,SFSEC,South Fork Salmon River,71.078,impact,2008,874,0.07
Secesh,SFSEC,South Fork Salmon River,71.078,impact,2009,1083,0.02
Secesh,SFSEC,South Fork Salmon River,71.078,impact,2010,2392,0.01
SREastFork,SREFS,Upper Salmon River,88.661,impact,1957,2163,0
SREastFork,SREFS,Upper Salmon River,88.661,impact,1958,1100,0
SREastFork,SREFS,Upper Salmon River,88.661,impact,1959,950,0
SREastFork,SREFS,Upper Salmon River,88.661,impact,1960,1351,0
SREastFork,SREFS,Upper Salmon River,88.661,impact,1961,2955,0
SREastFork,SREFS,Upper Salmon River,88.661,impact,1962,1067,0
SREastFork,SREFS,Upper Salmon River,88.661,impact,1963,2449,0
SREastFork,SREFS,Upper Salmon River,88.661,impact,1964,1672,0
SREastFork,SREFS,Upper Salmon River,88.661,impact,1965,660,0
SREastFork,SREFS,Upper Salmon River,88.661,impact,1966,1773,0
SREastFork,SREFS,Upper Salmon River,88.661,impact,1967,1936,0
SREastFork,SREFS,Upper Salmon River,88.661,impact,1968,2011,0
SREastFork,SREFS,Upper Salmon River,88.661,impact,1969,781,0
SREastFork,SREFS,Upper Salmon River,88.661,impact,1970,1404,0
SREastFork,SREFS,Upper Salmon River,88.661,impact,1971,1250,0
SREastFork,SREFS,Upper Salmon River,88.661,impact,1972,1423,0
SREastFork,SREFS,Upper Salmon River,88.661,impact,1973,1870,0
SREastFork,SREFS,Upper Salmon River,88.661,impact,1974,898,0
SREastFork,SREFS,Upper Salmon River,88.661,impact,1975,873,0
SREastFork,SREFS,Upper Salmon River,88.661,impact,1976,310,0
SREastFork,SREFS,Upper Salmon River,88.661,impact,1977,682,0
SREastFork,SREFS,Upper Salmon River,88.661,impact,1978,2537,0
SREastFork,SREFS,Upper Salmon River,88.661,impact,1979,202,0
SREastFork,SREFS,Upper Salmon River,88.661,impact,1980,18,0
SREastFork,SREFS,Upper Salmon River,88.661,impact,1981,282,0
SREastFork,SREFS,Upper Salmon River,88.661,impact,1982,106,0
SREastFork,SREFS,Upper Salmon River,88.661,impact,1983,341,0
SREastFork,SREFS,Upper Salmon River,88.661,impact,1984,100,0
SREastFork,SREFS,Upper Salmon River,88.661,impact,1985,195,0
SREastFork,SREFS,Upper Salmon River,88.661,impact,1986,293,0
SREastFork,SREFS,Upper Salmon River,88.661,impact,1987,402,0
SREastFork,SREFS,Upper Salmon River,88.661,impact,1988,512,0.02
SREastFork,SREFS,Upper Salmon River,88.661,impact,1989,384,0.18
SREastFork,SREFS,Upper Salmon River,88.661,impact,1990,202,0.36
SREastFork,SREFS,Upper Salmon River,88.661,impact,1991,101,0.37
SREastFork,SREFS,Upper Salmon River,88.661,impact,1992,64,0.51
SREastFork,SREFS,Upper Salmon River,88.661,impact,1993,222,0.18
SREastFork,SREFS,Upper Salmon River,88.661,impact,1994,24,0.36
SREastFork,SREFS,Upper Salmon River,88.661,impact,1995,11,0.36
SREastFork,SREFS,Upper Salmon River,88.661,impact,1996,22,0.55
SREastFork,SREFS,Upper Salmon River,88.661,impact,1997,48,0.18
SREastFork,SREFS,Upper Salmon River,88.661,impact,1998,121,0.07
SREastFork,SREFS,Upper Salmon River,88.661,impact,1999,73,0
SREastFork,SREFS,Upper Salmon River,88.661,impact,2000,136,0
SREastFork,SREFS,Upper Salmon River,88.661,impact,2001,348,0
SREastFork,SREFS,Upper Salmon River,88.661,impact,2002,744,0
SREastFork,SREFS,Upper Salmon River,88.661,impact,2003,649,0
SREastFork,SREFS,Upper Salmon River,88.661,impact,2004,350,0
SREastFork,SREFS,Upper Salmon River,88.661,impact,2005,194,0
SREastFork,SREFS,Upper Salmon River,88.661,impact,2006,88,0
SREastFork,SREFS,Upper Salmon River,88.661,impact,2007,194,0
SREastFork,SREFS,Upper Salmon River,88.661,impact,2008,385,0
SREastFork,SREFS,Upper Salmon River,88.661,impact,2009,207,0
SREastFork,SREFS,Upper Salmon River,88.661,impact,2010,871,0
SREastFork,SREFS,Upper Salmon River,88.661,impact,2011,568,0
SREastFork,SREFS,Upper Salmon River,88.661,impact,2012,605,0
Lemhi,SRLEM,Upper Salmon River,148.3443,control,1957,1438,0
Lemhi,SRLEM,Upper Salmon River,148.3443,control,1958,1110,0
Lemhi,SRLEM,Upper Salmon River,148.3443,control,1959,936,0
Lemhi,SRLEM,Upper Salmon River,148.3443,control,1960,2524,0
Lemhi,SRLEM,Upper Salmon River,148.3443,control,1961,3440,0
Lemhi,SRLEM,Upper Salmon River,148.3443,control,1962,2618,0
Lemhi,SRLEM,Upper Salmon River,148.3443,control,1963,728,0
Lemhi,SRLEM,Upper Salmon River,148.3443,control,1964,2076,0
Lemhi,SRLEM,Upper Salmon River,148.3443,control,1965,866,0
Lemhi,SRLEM,Upper Salmon River,148.3443,control,1966,1476,0
Lemhi,SRLEM,Upper Salmon River,148.3443,control,1967,1572,0
Lemhi,SRLEM,Upper Salmon River,148.3443,control,1968,1144,0
Lemhi,SRLEM,Upper Salmon River,148.3443,control,1969,656,0
Lemhi,SRLEM,Upper Salmon River,148.3443,control,1970,688,0
Lemhi,SRLEM,Upper Salmon River,148.3443,control,1971,784,0
Lemhi,SRLEM,Upper Salmon River,148.3443,control,1972,946,0
Lemhi,SRLEM,Upper Salmon River,148.3443,control,1973,866,0
Lemhi,SRLEM,Upper Salmon River,148.3443,control,1974,474,0
Lemhi,SRLEM,Upper Salmon River,148.3443,control,1975,730,0
Lemhi,SRLEM,Upper Salmon River,148.3443,control,1976,454,0
Lemhi,SRLEM,Upper Salmon River,148.3443,control,1977,886,0
Lemhi,SRLEM,Upper Salmon River,148.3443,control,1978,1406,0
Lemhi,SRLEM,Upper Salmon River,148.3443,control,1979,292,0
Lemhi,SRLEM,Upper Salmon River,148.3443,control,1980,50,0
Lemhi,SRLEM,Upper Salmon River,148.3443,control,1981,230,0
Lemhi,SRLEM,Upper Salmon River,148.3443,control,1982,298,0
Lemhi,SRLEM,Upper Salmon River,148.3443,control,1983,92,0
Lemhi,SRLEM,Upper Salmon River,148.3443,control,1984,70,0
Lemhi,SRLEM,Upper Salmon River,148.3443,control,1985,186,0
Lemhi,SRLEM,Upper Salmon River,148.3443,control,1986,314,0
Lemhi,SRLEM,Upper Salmon River,148.3443,control,1987,310,0
Lemhi,SRLEM,Upper Salmon River,148.3443,control,1988,358,0
Lemhi,SRLEM,Upper Salmon River,148.3443,control,1989,64,0
Lemhi,SRLEM,Upper Salmon River,148.3443,control,1990,160,0
Lemhi,SRLEM,Upper Salmon River,148.3443,control,1991,110,0
Lemhi,SRLEM,Upper Salmon River,148.3443,control,1992,30,0
Lemhi,SRLEM,Upper Salmon River,148.3443,control,1993,46,0
Lemhi,SRLEM,Upper Salmon River,148.3443,control,1994,14,0
Lemhi,SRLEM,Upper Salmon River,148.3443,control,1995,10,0
Lemhi,SRLEM,Upper Salmon River,148.3443,control,1996,58,0
Lemhi,SRLEM,Upper Salmon River,148.3443,control,1997,100,0
Lemhi,SRLEM,Upper Salmon River,148.3443,control,1998,80,0
Lemhi,SRLEM,Upper Salmon River,148.3443,control,1999,70,0
Lemhi,SRLEM,Upper Salmon River,148.3443,control,2000,170,0
Lemhi,SRLEM,Upper Salmon River,148.3443,control,2001,632,0
Lemhi,SRLEM,Upper Salmon River,148.3443,control,2002,270,0
Lemhi,SRLEM,Upper Salmon River,148.3443,control,2003,94,0
Lemhi,SRLEM,Upper Salmon River,148.3443,control,2004,60,0
Lemhi,SRLEM,Upper Salmon River,148.3443,control,2005,74,0
Lemhi,SRLEM,Upper Salmon River,148.3443,control,2006,50,0
Lemhi,SRLEM,Upper Salmon River,148.3443,control,2007,38,0
Lemhi,SRLEM,Upper Salmon River,148.3443,control,2008,50,0
Lemhi,SRLEM,Upper Salmon River,148.3443,control,2009,122,0
Lemhi,SRLEM,Upper Salmon River,148.3443,control,2010,158,0
Lemhi,SRLEM,Upper Salmon River,148.3443,control,2011,198,0
Lemhi,SRLEM,Upper Salmon River,148.3443,control,2012,126,0
SRLMA,SRLMA,Upper Salmon River,612.2623,control,1957,4889,0
SRLMA,SRLMA,Upper Salmon River,612.2623,control,1958,888,0
SRLMA,SRLMA,Upper Salmon River,612.2623,control,1959,679,0
SRLMA,SRLMA,Upper Salmon River,612.2623,control,1960,1565,0
SRLMA,SRLMA,Upper Salmon River,612.2623,control,1961,687,0
SRLMA,SRLMA,Upper Salmon River,612.2623,control,1962,901,0
SRLMA,SRLMA,Upper Salmon River,612.2623,control,1963,376,0
SRLMA,SRLMA,Upper Salmon River,612.2623,control,1964,801,0
SRLMA,SRLMA,Upper Salmon River,612.2623,control,1965,388,0
SRLMA,SRLMA,Upper Salmon River,612.2623,control,1966,753,0
SRLMA,SRLMA,Upper Salmon River,612.2623,control,1967,704,0
SRLMA,SRLMA,Upper Salmon River,612.2623,control,1968,430,0
SRLMA,SRLMA,Upper Salmon River,612.2623,control,1969,232,0
SRLMA,SRLMA,Upper Salmon River,612.2623,control,1970,290,0
SRLMA,SRLMA,Upper Salmon River,612.2623,control,1971,425,0
SRLMA,SRLMA,Upper Salmon River,612.2623,control,1972,795,0
SRLMA,SRLMA,Upper Salmon River,612.2623,control,1973,432,0
SRLMA,SRLMA,Upper Salmon River,612.2623,control,1974,77,0
SRLMA,SRLMA,Upper Salmon River,612.2623,control,1975,87,0
SRLMA,SRLMA,Upper Salmon River,612.2623,control,1976,85,0
SRLMA,SRLMA,Upper Salmon River,612.2623,control,1977,181,0
SRLMA,SRLMA,Upper Salmon River,612.2623,control,1978,693,0
SRLMA,SRLMA,Upper Salmon River,612.2623,control,1979,NA,0
SRLMA,SRLMA,Upper Salmon River,612.2623,control,1980,21,0
SRLMA,SRLMA,Upper Salmon River,612.2623,control,1981,145,0
SRLMA,SRLMA,Upper Salmon River,612.2623,control,1982,75,0
SRLMA,SRLMA,Upper Salmon River,612.2623,control,1983,214,0
SRLMA,SRLMA,Upper Salmon River,612.2623,control,1984,98,0
SRLMA,SRLMA,Upper Salmon River,612.2623,control,1985,158,0
SRLMA,SRLMA,Upper Salmon River,612.2623,control,1986,201,0
SRLMA,SRLMA,Upper Salmon River,612.2623,control,1987,386,0
SRLMA,SRLMA,Upper Salmon River,612.2623,control,1988,290,0
SRLMA,SRLMA,Upper Salmon River,612.2623,control,1989,149,0
SRLMA,SRLMA,Upper Salmon River,612.2623,control,1990,98,0
SRLMA,SRLMA,Upper Salmon River,612.2623,control,1991,131,0
SRLMA,SRLMA,Upper Salmon River,612.2623,control,1992,50,0
SRLMA,SRLMA,Upper Salmon River,612.2623,control,1993,93,0
SRLMA,SRLMA,Upper Salmon River,612.2623,control,1994,17,0
SRLMA,SRLMA,Upper Salmon River,612.2623,control,1995,15,0
SRLMA,SRLMA,Upper Salmon River,612.2623,control,1996,44,0
SRLMA,SRLMA,Upper Salmon River,612.2623,control,1997,93,0
SRLMA,SRLMA,Upper Salmon River,612.2623,control,1998,60,0
SRLMA,SRLMA,Upper Salmon River,612.2623,control,1999,44,0
SRLMA,SRLMA,Upper Salmon River,612.2623,control,2000,154,0
SRLMA,SRLMA,Upper Salmon River,612.2623,control,2001,232,0
SRLMA,SRLMA,Upper Salmon River,612.2623,control,2002,450,0
SRLMA,SRLMA,Upper Salmon River,612.2623,control,2003,224,0
SRLMA,SRLMA,Upper Salmon River,612.2623,control,2004,158,0
SRLMA,SRLMA,Upper Salmon River,612.2623,control,2005,102,0
SRLMA,SRLMA,Upper Salmon River,612.2623,control,2006,100,0
SRLMA,SRLMA,Upper Salmon River,612.2623,control,2007,95,0
SRLMA,SRLMA,Upper Salmon River,612.2623,control,2008,110,0
SRLMA,SRLMA,Upper Salmon River,612.2623,control,2009,93,0
SRLMA,SRLMA,Upper Salmon River,612.2623,control,2010,122,0
SRLMA,SRLMA,Upper Salmon River,612.2623,control,2011,230,0
SRLMA,SRLMA,Upper Salmon River,612.2623,control,2012,183,0
SRUMA,SRUMA,Upper Salmon River,80.1029,impact,1957,3653,0
SRUMA,SRUMA,Upper Salmon River,80.1029,impact,1958,1496,0
SRUMA,SRUMA,Upper Salmon River,80.1029,impact,1959,1327,0
SRUMA,SRUMA,Upper Salmon River,80.1029,impact,1960,1591,0
SRUMA,SRUMA,Upper Salmon River,80.1029,impact,1961,2077,0
SRUMA,SRUMA,Upper Salmon River,80.1029,impact,1962,2270,0
SRUMA,SRUMA,Upper Salmon River,80.1029,impact,1963,2149,0
SRUMA,SRUMA,Upper Salmon River,80.1029,impact,1964,2275,0
SRUMA,SRUMA,Upper Salmon River,80.1029,impact,1965,1662,0
SRUMA,SRUMA,Upper Salmon River,80.1029,impact,1966,3087,0
SRUMA,SRUMA,Upper Salmon River,80.1029,impact,1967,2936,0
SRUMA,SRUMA,Upper Salmon River,80.1029,impact,1968,2379,0
SRUMA,SRUMA,Upper Salmon River,80.1029,impact,1969,961,0
SRUMA,SRUMA,Upper Salmon River,80.1029,impact,1970,1414,0
SRUMA,SRUMA,Upper Salmon River,80.1029,impact,1971,1866,0
SRUMA,SRUMA,Upper Salmon River,80.1029,impact,1972,2850,0
SRUMA,SRUMA,Upper Salmon River,80.1029,impact,1973,1618,0
SRUMA,SRUMA,Upper Salmon River,80.1029,impact,1974,1198,0
SRUMA,SRUMA,Upper Salmon River,80.1029,impact,1975,2075,0
SRUMA,SRUMA,Upper Salmon River,80.1029,impact,1976,1152,0
SRUMA,SRUMA,Upper Salmon River,80.1029,impact,1977,2364,0
SRUMA,SRUMA,Upper Salmon River,80.1029,impact,1978,6335,0
SRUMA,SRUMA,Upper Salmon River,80.1029,impact,1979,704,0
SRUMA,SRUMA,Upper Salmon River,80.1029,impact,1980,184,0
SRUMA,SRUMA,Upper Salmon River,80.1029,impact,1981,476,0
SRUMA,SRUMA,Upper Salmon River,80.1029,impact,1982,88,0
SRUMA,SRUMA,Upper Salmon River,80.1029,impact,1983,99,0
SRUMA,SRUMA,Upper Salmon River,80.1029,impact,1984,185,0.02
SRUMA,SRUMA,Upper Salmon River,80.1029,impact,1985,563,0.36
SRUMA,SRUMA,Upper Salmon River,80.1029,impact,1986,788,0.4
SRUMA,SRUMA,Upper Salmon River,80.1029,impact,1987,455,0.17
SRUMA,SRUMA,Upper Salmon River,80.1029,impact,1988,497,0.02
SRUMA,SRUMA,Upper Salmon River,80.1029,impact,1989,423,0.07
SRUMA,SRUMA,Upper Salmon River,80.1029,impact,1990,501,0.29
SRUMA,SRUMA,Upper Salmon River,80.1029,impact,1991,170,0.24
SRUMA,SRUMA,Upper Salmon River,80.1029,impact,1992,120,0.38
SRUMA,SRUMA,Upper Salmon River,80.1029,impact,1993,374,0.28
SRUMA,SRUMA,Upper Salmon River,80.1029,impact,1994,69,0.04
SRUMA,SRUMA,Upper Salmon River,80.1029,impact,1995,18,0.1
SRUMA,SRUMA,Upper Salmon River,80.1029,impact,1996,68,0.05
SRUMA,SRUMA,Upper Salmon River,80.1029,impact,1997,89,0.06
SRUMA,SRUMA,Upper Salmon River,80.1029,impact,1998,83,0.1
SRUMA,SRUMA,Upper Salmon River,80.1029,impact,1999,115,0.37
SRUMA,SRUMA,Upper Salmon River,80.1029,impact,2000,473,0.08
SRUMA,SRUMA,Upper Salmon River,80.1029,impact,2001,1108,0.5
SRUMA,SRUMA,Upper Salmon River,80.1029,impact,2002,1206,0.41
SRUMA,SRUMA,Upper Salmon River,80.1029,impact,2003,658,0.26
SRUMA,SRUMA,Upper Salmon River,80.1029,impact,2004,638,0.32
SRUMA,SRUMA,Upper Salmon River,80.1029,impact,2005,418,0.4
SRUMA,SRUMA,Upper Salmon River,80.1029,impact,2006,394,0.25
SRUMA,SRUMA,Upper Salmon River,80.1029,impact,2007,204,0.11
SRUMA,SRUMA,Upper Salmon River,80.1029,impact,2008,389,0
SRUMA,SRUMA,Upper Salmon River,80.1029,impact,2009,440,0.08
SRUMA,SRUMA,Upper Salmon River,80.1029,impact,2010,748,0.07
SRUMA,SRUMA,Upper Salmon River,80.1029,impact,2011,597,0
SRUMA,SRUMA,Upper Salmon River,80.1029,impact,2012,504,0
Valley,SRVAL,Upper Salmon River,42.6649,control,1957,1508,0
Valley,SRVAL,Upper Salmon River,42.6649,control,1958,312,0
Valley,SRVAL,Upper Salmon River,42.6649,control,1959,255,0
Valley,SRVAL,Upper Salmon River,42.6649,control,1960,607,0
Valley,SRVAL,Upper Salmon River,42.6649,control,1961,1044,0
Valley,SRVAL,Upper Salmon River,42.6649,control,1962,738,0
Valley,SRVAL,Upper Salmon River,42.6649,control,1963,518,0
Valley,SRVAL,Upper Salmon River,42.6649,control,1964,732,0
Valley,SRVAL,Upper Salmon River,42.6649,control,1965,708,0
Valley,SRVAL,Upper Salmon River,42.6649,control,1966,1093,0
Valley,SRVAL,Upper Salmon River,42.6649,control,1967,900,0
Valley,SRVAL,Upper Salmon River,42.6649,control,1968,1066,0
Valley,SRVAL,Upper Salmon River,42.6649,control,1969,155,0
Valley,SRVAL,Upper Salmon River,42.6649,control,1970,659,0
Valley,SRVAL,Upper Salmon River,42.6649,control,1971,640,0
Valley,SRVAL,Upper Salmon River,42.6649,control,1972,599,0
Valley,SRVAL,Upper Salmon River,42.6649,control,1973,548,0
Valley,SRVAL,Upper Salmon River,42.6649,control,1974,466,0
Valley,SRVAL,Upper Salmon River,42.6649,control,1975,729,0
Valley,SRVAL,Upper Salmon River,42.6649,control,1976,117,0
Valley,SRVAL,Upper Salmon River,42.6649,control,1977,220,0
Valley,SRVAL,Upper Salmon River,42.6649,control,1978,976,0
Valley,SRVAL,Upper Salmon River,42.6649,control,1979,108,0
Valley,SRVAL,Upper Salmon River,42.6649,control,1980,27,0
Valley,SRVAL,Upper Salmon River,42.6649,control,1981,52,0
Valley,SRVAL,Upper Salmon River,42.6649,control,1982,24,0
Valley,SRVAL,Upper Salmon River,42.6649,control,1983,98,0
Valley,SRVAL,Upper Salmon River,42.6649,control,1984,57,0
Valley,SRVAL,Upper Salmon River,42.6649,control,1985,5,0
Valley,SRVAL,Upper Salmon River,42.6649,control,1986,79,0
Valley,SRVAL,Upper Salmon River,42.6649,control,1987,244,0
Valley,SRVAL,Upper Salmon River,42.6649,control,1988,122,0
Valley,SRVAL,Upper Salmon River,42.6649,control,1989,133,0
Valley,SRVAL,Upper Salmon River,42.6649,control,1990,33,0
Valley,SRVAL,Upper Salmon River,42.6649,control,1991,14,0
Valley,SRVAL,Upper Salmon River,42.6649,control,1992,19,0
Valley,SRVAL,Upper Salmon River,42.6649,control,1993,62,0
Valley,SRVAL,Upper Salmon River,42.6649,control,1994,24,0
Valley,SRVAL,Upper Salmon River,42.6649,control,1995,NA,0
Valley,SRVAL,Upper Salmon River,42.6649,control,1996,8,0
Valley,SRVAL,Upper Salmon River,42.6649,control,1997,33,0
Valley,SRVAL,Upper Salmon River,42.6649,control,1998,100,0
Valley,SRVAL,Upper Salmon River,42.6649,control,1999,19,0
Valley,SRVAL,Upper Salmon River,42.6649,control,2000,14,0
Valley,SRVAL,Upper Salmon River,42.6649,control,2001,176,0
Valley,SRVAL,Upper Salmon River,42.6649,control,2002,279,0
Valley,SRVAL,Upper Salmon River,42.6649,control,2003,301,0
Valley,SRVAL,Upper Salmon River,42.6649,control,2004,84,0
Valley,SRVAL,Upper Salmon River,42.6649,control,2005,54,0
Valley,SRVAL,Upper Salmon River,42.6649,control,2006,62,0
Valley,SRVAL,Upper Salmon River,42.6649,control,2007,76,0
Valley,SRVAL,Upper Salmon River,42.6649,control,2008,163,0
Valley,SRVAL,Upper Salmon River,42.6649,control,2009,117,0
Valley,SRVAL,Upper Salmon River,42.6649,control,2010,118,0
Valley,SRVAL,Upper Salmon River,42.6649,control,2011,119,0
Valley,SRVAL,Upper Salmon River,42.6649,control,2012,120,0
Yankee,SRYFS,Upper Salmon River,52.2566,control,1957,406,0
Yankee,SRYFS,Upper Salmon River,52.2566,control,1958,269,0
Yankee,SRYFS,Upper Salmon River,52.2566,control,1959,113,0
Yankee,SRYFS,Upper Salmon River,52.2566,control,1960,204,0
Yankee,SRYFS,Upper Salmon River,52.2566,control,1961,584,0
Yankee,SRYFS,Upper Salmon River,52.2566,control,1962,302,0
Yankee,SRYFS,Upper Salmon River,52.2566,control,1963,868,0
Yankee,SRYFS,Upper Salmon River,52.2566,control,1964,622,0
Yankee,SRYFS,Upper Salmon River,52.2566,control,1965,562,0
Yankee,SRYFS,Upper Salmon River,52.2566,control,1966,1136,0
Yankee,SRYFS,Upper Salmon River,52.2566,control,1967,1434,0
Yankee,SRYFS,Upper Salmon River,52.2566,control,1968,1487,0
Yankee,SRYFS,Upper Salmon River,52.2566,control,1969,253,0
Yankee,SRYFS,Upper Salmon River,52.2566,control,1970,553,0
Yankee,SRYFS,Upper Salmon River,52.2566,control,1971,269,0
Yankee,SRYFS,Upper Salmon River,52.2566,control,1972,650,0
Yankee,SRYFS,Upper Salmon River,52.2566,control,1973,546,0
Yankee,SRYFS,Upper Salmon River,52.2566,control,1974,226,0
Yankee,SRYFS,Upper Salmon River,52.2566,control,1975,355,0
Yankee,SRYFS,Upper Salmon River,52.2566,control,1976,118,0
Yankee,SRYFS,Upper Salmon River,52.2566,control,1977,147,0
Yankee,SRYFS,Upper Salmon River,52.2566,control,1978,410,0
Yankee,SRYFS,Upper Salmon River,52.2566,control,1979,60,0
Yankee,SRYFS,Upper Salmon River,52.2566,control,1980,4,0
Yankee,SRYFS,Upper Salmon River,52.2566,control,1981,86,0
Yankee,SRYFS,Upper Salmon River,52.2566,control,1982,2,0
Yankee,SRYFS,Upper Salmon River,52.2566,control,1983,15,0
Yankee,SRYFS,Upper Salmon River,52.2566,control,1984,NA,0
Yankee,SRYFS,Upper Salmon River,52.2566,control,1985,11,0
Yankee,SRYFS,Upper Salmon River,52.2566,control,1986,46,0
Yankee,SRYFS,Upper Salmon River,52.2566,control,1987,36,0
Yankee,SRYFS,Upper Salmon River,52.2566,control,1988,42,0
Yankee,SRYFS,Upper Salmon River,52.2566,control,1989,29,0
Yankee,SRYFS,Upper Salmon River,52.2566,control,1990,44,0
Yankee,SRYFS,Upper Salmon River,52.2566,control,1991,24,0
Yankee,SRYFS,Upper Salmon River,52.2566,control,1992,27,0
Yankee,SRYFS,Upper Salmon River,52.2566,control,1993,20,0
Yankee,SRYFS,Upper Salmon River,52.2566,control,1994,2,0
Yankee,SRYFS,Upper Salmon River,52.2566,control,1995,NA,0
Yankee,SRYFS,Upper Salmon River,52.2566,control,1996,4,0
Yankee,SRYFS,Upper Salmon River,52.2566,control,1997,7,0
Yankee,SRYFS,Upper Salmon River,52.2566,control,1998,22,0
Yankee,SRYFS,Upper Salmon River,52.2566,control,1999,2,0
Yankee,SRYFS,Upper Salmon River,52.2566,control,2000,20,0
Yankee,SRYFS,Upper Salmon River,52.2566,control,2001,96,0
Yankee,SRYFS,Upper Salmon River,52.2566,control,2002,93,0
Yankee,SRYFS,Upper Salmon River,52.2566,control,2003,160,0
Yankee,SRYFS,Upper Salmon River,52.2566,control,2004,29,0
Yankee,SRYFS,Upper Salmon River,52.2566,control,2005,11,0
Yankee,SRYFS,Upper Salmon River,52.2566,control,2006,7,0
Yankee,SRYFS,Upper Salmon River,52.2566,control,2007,NA,0
Yankee,SRYFS,Upper Salmon River,52.2566,control,2008,340,0.95
Yankee,SRYFS,Upper Salmon River,52.2566,control,2009,688,0.96
Yankee,SRYFS,Upper Salmon River,52.2566,control,2010,9,0.27
Yankee,SRYFS,Upper Salmon River,52.2566,control,2011,20,0